pdb_id,chain,pre,pos,post,ddG_experimental,ESMif,ESMif-ddG-uncorrected
1A0F,A,S,11,A,1.8,-3.7888708,-3.7650042
1A7V,A,A,104,H,2.69,-7.726491,-6.7001987
1A7V,A,A,66,H,1.98,-1.9696348,-0.76875424
1A7V,A,A,91,H,1.7,-3.552554,-2.0993829
1A7V,A,D,3,H,1.36,-5.6363163,-5.249727
1A7V,A,D,58,H,2.05,-8.081018,-8.3167095
1A7V,A,E,73,H,3.01,-8.801886,-8.156676
1A7V,A,K,13,H,0.6,-2.6918812,-3.0139625
1A7V,A,K,20,H,2.88,-4.236154,-4.6693864
1A7V,A,K,31,H,1.36,-6.4038553,-6.273206
1A7V,A,K,39,H,1.86,-3.5057633,-3.6649756
1A7V,A,K,49,H,2.02,-6.263838,-6.4867477
1A7V,A,K,84,H,2.88,-3.7642732,-4.1995907
1A7V,A,K,97,H,1.97,-4.9358954,-5.4784937
1BA3,A,H,461,D,1.745,-6.917556,-7.254078
1BA3,A,H,489,D,-0.287,2.0530844,1.6293471
1BA3,A,H,489,K,0.287,2.140716,2.5856607
1BA3,A,H,489,M,0.263,-2.623496,-4.7015915
1BFM,A,M,35,W,0.7,1.4245951,5.0623713
1BFM,A,M,35,Y,0.4,2.8227665,5.959993
1BNL,A,D,76,A,0.821,-1.7610124,-2.5856729
1D5G,A,H,71,Y,0.04,-4.970647,-4.310831
1D5G,A,I,20,F,-0.91,-3.3078127,-3.0863197
1DIV,A,D,23,A,0.46,-2.8922944,-3.5624957
1DIV,A,D,23,N,0.58,-2.836534,-2.9841154
1DIV,A,D,8,N,0.3,-1.7832423,-2.0686007
1DIV,A,E,100,A,0.98,-1.4868846,-2.308018
1DIV,A,E,100,G,1.52,-5.1103806,-7.2680745
1DIV,A,E,17,Q,0.21,-2.1605725,-1.5728742
1DIV,A,E,38,Q,0.56,-1.6836686,-0.5686605
1DIV,A,E,48,Q,-0.03,-1.9535475,-1.141134
1DIV,A,E,54,Q,-0.33,-1.7945259,-0.96354616
1DIV,A,H,106,Q,1.53,-7.511639,-7.274457
1DIV,A,H,134,Q,0.34,-10.541077,-10.113021
1DIV,A,H,144,Q,0.56,0.3351593,0.70316064
1DIV,A,I,115,A,3.52,-16.822186,-19.023678
1DIV,A,I,121,A,2.88,-13.177236,-15.660722
1DIV,A,I,4,A,2.22,-7.1534834,-9.03175
1DIV,A,I,4,V,0.59,-2.667512,-3.4325578
1DIV,A,I,79,A,3.49,-9.842543,-11.476023
1DIV,A,I,93,A,3.19,-9.108101,-11.039701
1DIV,A,I,98,A,4.28,-15.048638,-16.494968
1DIV,A,K,10,M,-0.05,-6.036332,-7.3783293
1DIV,A,K,14,M,-0.01,-4.876055,-7.05523
1DIV,A,K,15,M,0.31,-1.492856,-3.5854197
1DIV,A,K,7,M,-0.35,-6.7253036,-9.490337
1DIV,A,K,96,A,-0.61,0.29435933,-1.499246
1DIV,A,K,96,G,0.2,-2.3924518,-5.62774
1DIV,A,L,102,A,2.37,-12.7038765,-14.225811
1DIV,A,L,108,A,2.33,-12.005138,-13.641632
1DIV,A,L,110,A,3.21,-13.574614,-14.920726
1DIV,A,L,117,A,0.82,-13.653031,-15.545498
1DIV,A,L,133,A,2.94,-15.811311,-17.60835
1DIV,A,L,141,A,3.56,-11.478827,-13.490233
1DIV,A,L,30,A,2.76,-12.076174,-13.874271
1DIV,A,L,30,V,3.62,-9.510257,-10.121672
1DIV,A,L,6,A,3.1,-6.6565795,-8.492901
1DIV,A,L,6,I,0.13,-3.3368616,-3.014576
1DIV,A,L,6,V,0.41,-3.492981,-3.947846
1DIV,A,L,72,A,3.77,-15.040678,-17.080301
1DIV,A,M,1,A,1.46,-2.6567993,-0.20129871
1DIV,A,M,1,G,2.36,-3.8931286,-4.096792
1DIV,A,V,129,A,1.81,-11.254068,-12.588124
1DIV,A,V,131,A,1.93,-12.103079,-13.087413
1DIV,A,V,137,A,2.41,-9.272232,-10.844466
1DIV,A,V,143,A,3.25,-14.070828,-15.331802
1DIV,A,V,145,A,1.92,-9.594053,-11.078393
1DIV,A,V,21,A,2.33,-5.1983795,-6.2252417
1DIV,A,V,21,I,0.4,-0.992156,-0.7323015
1DIV,A,V,21,L,1.23,-1.2429352,-1.1134217
1DIV,A,V,3,A,2.55,-3.2619305,-4.871898
1DIV,A,V,3,I,0.31,-2.82867,-2.1279655
1DIV,A,V,3,L,2.21,-2.214223,-1.9369749
1DXX,A,K,18,N,3.7,-2.1882362,-2.7692695
1EKG,A,L,198,C,1.0,-11.740931,-11.362256
1EKG,A,L,200,C,2.0,-10.489342,-10.704252
1EKG,A,L,203,C,-1.0,-8.878639,-8.801834
1EKG,A,S,181,F,2.6,-17.198368,-15.075967
1F8I,A,F,345,A,0.455,-5.9872336,-7.6825895
1FH5,H,S,18,N,-0.6,-1.8801358,-0.93376505
1FRD,A,H,42,R,-4.0,5.515207,5.591327
1FT8,A,I,264,V,0.64,-1.0876565,-1.8768432
1FT8,A,L,212,V,1.38,-7.7637053,-8.146611
1FT8,A,L,238,I,0.35,-1.6728592,-1.4558241
1FT8,A,L,267,I,0.11,-3.7075005,-3.4858153
1FT8,A,L,293,I,0.8,-7.3043876,-7.076188
1FT8,A,L,293,V,1.41,-8.715767,-9.107044
1FT8,A,L,315,A,1.65,-12.983038,-14.449333
1FT8,A,L,317,I,0.85,-11.235314,-10.911301
1FT8,A,L,348,I,0.53,-8.330835,-8.158912
1FT8,A,L,349,I,-0.05,-1.1673199,-1.1812288
1FT8,A,M,216,L,-0.27,-5.190295,-1.7478971
1FT8,A,S,339,A,-0.32,-1.822724,-1.7822118
1FT8,A,V,287,A,0.16,-7.845168,-9.144512
1FXA,A,E,94,D,1.1,-2.8081508,-3.075181
1FXA,A,E,94,K,0.4,-2.02776,-1.2240164
1FXA,A,E,94,Q,-0.6,-1.13031,-0.11157513
1FXA,A,E,95,K,-1.0,-0.5920992,-0.6424289
1FXA,A,F,65,A,1.0,0.033458948,-1.6764455
1FXA,A,F,65,I,0.9,-1.4415398,-1.7933304
1FXA,A,F,65,W,0.6,-2.8098073,-1.9746838
1FXA,A,F,65,Y,0.5,-0.086094856,0.19078761
1FXA,A,R,42,A,2.4,-3.7687826,-5.5784793
1FXA,A,R,42,H,1.4,-5.5111976,-5.61938
1FXA,A,T,48,A,-0.1,-4.0346136,-5.476333
1G3P,A,A,147,K,0.287,-0.015789956,1.1902688
1G3P,A,D,160,A,0.263,-2.530426,-2.8375523
1G3P,A,D,160,C,0.096,-5.740075,-4.00047
1G3P,A,D,160,E,0.359,-1.1027122,-0.9129314
1G3P,A,D,160,F,0.359,-3.1102488,-1.9551756
1G3P,A,D,160,G,0.669,-2.4793649,-4.6763754
1G3P,A,D,160,H,-0.048,-3.616136,-2.9123397
1G3P,A,D,160,I,0.932,-4.4243593,-3.0425897
1G3P,A,D,160,K,0.335,-2.641944,-1.7566532
1G3P,A,D,160,L,0.55,-3.494028,-2.4132636
1G3P,A,D,160,M,0.502,-3.0083675,-5.1248307
1G3P,A,D,160,N,-0.072,0.43200684,0.84077156
1G3P,A,D,160,P,0.645,-6.745633,-6.2584286
1G3P,A,D,160,Q,0.478,-1.9421313,-0.84540963
1G3P,A,D,160,R,0.669,-3.1766524,-1.97947
1G3P,A,D,160,S,0.287,-1.4578263,-2.2214377
1G3P,A,D,160,T,0.741,-2.3980274,-2.0044081
1G3P,A,D,160,V,1.123,-4.3412714,-3.4383245
1G3P,A,D,160,W,0.1669999999999999,-5.1292524,-3.2205558
1G3P,A,D,160,Y,0.072,-3.2902925,-1.9597387
1G3P,A,F,136,V,3.705,-5.152423,-5.1877375
1G3P,A,N,138,G,-0.765,-4.5431647,-6.657182
1G3P,A,N,139,K,0.43,-4.4333334,-4.223222
1G3P,A,N,139,V,2.032,-6.9484744,-7.137322
1G3P,A,Q,137,N,1.793,-11.382018,-12.144985
1G3P,A,Q,145,N,-0.263,2.3831532,1.3744745
1G3P,A,R,144,V,-0.765,2.6042972,2.4911833
1GLU,A,C,500,A,1.22,-7.778905,-9.196302
1GUA,B,A,118,G,1.963,-10.705516,-12.957018
1GUA,B,A,118,L,1.951,-10.305934,-8.787069
1GUA,B,A,85,G,2.149,-7.6904535,-8.981186
1GUA,B,A,97,G,0.863,-3.1019368,-4.5836773
1GUA,B,C,81,A,-0.283,-4.3642254,-5.8548174
1GUA,B,C,81,I,0.912,-6.7890306,-7.1000648
1GUA,B,C,95,A,0.08,1.3020589,-1.2079861
1GUA,B,C,96,A,1.759,-7.529934,-9.119555
1GUA,B,C,96,L,0.043,-1.0319281,-0.3809116
1GUA,B,C,96,M,0.337,-1.405314,-5.134049
1GUA,B,D,117,A,0.706,-0.27356315,-1.3346429
1GUA,B,D,129,A,0.855,-2.556362,-3.3782568
1GUA,B,D,80,A,0.493,-4.2606535,-5.518273
1GUA,B,E,104,A,-0.021,-1.6139191,-2.537635
1GUA,B,E,124,A,0.101,-3.3428724,-4.375299
1GUA,B,E,125,A,0.591,-3.530192,-4.2857685
1GUA,B,I,58,A,3.274,-10.189854,-11.450454
1GUA,B,I,58,F,1.2990000000000002,-12.036124,-12.101102
1GUA,B,I,58,L,0.7709999999999999,-6.234638,-6.508411
1GUA,B,K,109,A,0.327,-2.7497811,-4.2263966
1GUA,B,L,112,A,2.593,-13.808174,-15.573172
1GUA,B,L,121,A,2.5340000000000003,-13.531364,-14.896117
1GUA,B,L,126,A,3.405,-16.709026,-18.09048
1GUA,B,L,62,A,3.46,-12.62878,-13.703372
1GUA,B,L,78,A,3.803,-12.832626,-14.50252
1GUA,B,L,82,A,3.529,-11.587908,-13.210485
1GUA,B,L,82,I,1.6,-7.969788,-7.866479
1GUA,B,L,82,V,1.7,-9.800507,-10.369212
1GUA,B,L,86,A,3.2260000000000004,-6.6660867,-8.367455
1GUA,B,L,91,A,1.575,-10.948345,-13.0807905
1GUA,B,M,76,A,0.961,-4.9525857,-2.1599784
1GUA,B,N,56,M,-0.271,2.1941717,-0.45573616
1GUA,B,N,64,A,1.14,-2.548139,-3.3367858
1GUA,B,P,63,A,1.7080000000000002,-12.797969,-13.667273
1GUA,B,P,93,A,0.0819999999999999,-7.884202,-9.015633
1GUA,B,Q,66,A,0.504,-4.2811546,-5.8273797
1GUA,B,R,100,A,0.693,-4.013259,-5.73665
1GUA,B,R,59,A,-0.178,-2.4648733,-4.3445773
1GUA,B,R,89,L,-1.078,-3.426044,-3.572361
1GUA,B,S,77,A,1.5730000000000002,-5.4223437,-5.300814
1GUA,B,S,77,T,-0.581,0.9811125,2.2034793
1GUA,B,T,68,A,0.109,1.220454,0.83635414
1GUA,B,V,128,A,3.3680000000000003,-10.028773,-10.454719
1GUA,B,V,60,A,2.251,-4.227767,-5.0621257
1GUA,B,V,69,A,1.116,-2.7222397,-4.191716
1GUA,B,V,70,A,1.77,-7.9616017,-9.434916
1GUA,B,V,72,A,1.052,-10.560496,-11.90683
1GUA,B,V,72,I,0.8640000000000001,-4.18784,-3.5889535
1GUA,B,V,98,A,1.981,-9.12885,-10.7286005
1GWY,A,A,8,D,1.6,0.30971432,1.1024286
1H0X,A,P,18,A,1.936,-3.9823856,-5.255296
1H0X,A,P,62,A,2.5810000000000004,-7.4152746,-8.475795
1HCQ,A,C,67,A,2.09,-8.219238,-10.533215
1HCQ,A,C,67,S,1.99,-7.4623113,-9.880993
1IOJ,A,G,15,A,-0.4,-2.0818334,-0.7291771
1IR3,A,W,1175,F,-0.6,-10.891133,-11.159893
1ITM,A,C,24,T,3.3,0.26987737,0.040372968
1ITM,A,C,3,T,5.0,0.9569498,0.35180897
1ITM,A,W,91,S,-1.4,2.5258355,-0.14865923
1IV7,B,A,173,C,-0.5,-5.1763887,-3.6838453
1IV7,B,F,189,C,2.5,-14.24747,-14.091988
1IV7,B,L,162,C,1.9,-12.997376,-12.58547
1IV9,A,S,76,Y,-4.299,-3.6825638,-0.6234026
1J8I,A,K,25,A,-0.1,-1.1989044,-2.2611623
1J8I,A,K,66,A,-0.1,1.4172444,-0.16383696
1J8I,A,R,23,A,-0.8,1.3070654,-0.30431616
1J8I,A,R,35,A,0.1,-2.0098522,-3.5542707
1J8I,A,R,43,A,-0.7,1.4247308,-0.41487586
1J8I,A,R,9,A,0.1,-0.0041669607,-1.4174634
1JL9,A,A,25,C,1.44,-5.213648,-3.203773
1JLV,A,E,64,D,1.162,-7.1396413,-7.36636
1JLV,A,E,64,N,2.3040000000000003,-10.021526,-9.757458
1JLV,A,E,64,Q,2.302,-5.1104026,-4.2089906
1L6H,A,F,39,A,1.6969999999999998,2.8644052,0.8688371
1L6H,A,Y,45,A,0.55,1.551404,-0.6397748
1L6H,A,Y,48,A,1.482,0.85585946,-1.3745921
1LVM,A,E,106,G,-1.4,1.990128,-0.35932016
1LVM,A,K,45,F,-0.43,-3.040573,-2.4850678
1LVM,A,L,56,V,-0.0,-0.96753347,-1.4361811
1LVM,A,Q,58,F,-0.6,-8.756592,-8.747522
1LVM,A,S,135,G,-0.0,4.2882385,3.0101676
1N18,A,E,100,G,2.5,-9.272352,-12.429361
1N18,A,G,85,R,1.4,-14.05162,-11.151149
1N18,A,H,46,R,-1.4,-3.2492476,-2.7389326
1N18,A,V,148,I,-0.1,-1.7219934,-1.2621475
1N88,A,F,21,A,1.39,-0.5302555,-2.9659264
1N88,A,I,39,A,1.39,-0.9407811,-2.5425382
1N88,A,I,80,A,2.79,-5.659737,-8.143357
1N88,A,I,89,A,2.35,-0.4458177,-2.3701518
1N88,A,I,8,V,1.52,-0.21726441,-0.77460074
1N88,A,L,13,A,1.52,-2.431738,-4.4493475
1N88,A,L,57,A,1.11,-0.48555386,-2.2484937
1N88,A,V,12,A,1.94,-2.9609873,-4.289534
1N88,A,V,30,A,2.84,-2.5328414,-3.6290662
1N88,A,V,43,A,2.82,-2.6922197,-4.067813
1N88,A,V,49,A,2.83,-1.7570536,-2.686657
1N88,A,V,51,A,3.24,-2.182723,-3.1144037
1N88,A,V,54,A,3.73,-1.600059,-2.9891481
1N88,A,V,81,A,2.82,-5.49065,-6.8927326
1N88,A,V,83,A,3.1,-3.8785672,-5.424034
1N88,A,Y,18,A,-0.06,0.8356361,-1.243665
1N88,A,Y,26,A,4.61,-4.3728313,-7.081005
1NM1,A,D,187,N,0.88,1.6143438,1.961829
1NM1,A,D,187,Y,1.9,-1.9115193,-0.5237745
1O1U,A,E,110,A,3.3,0.119585454,-0.6478142
1O1U,A,N,61,A,1.2,-1.5373492,-2.228087
1O1U,A,Q,51,A,0.3,-6.6284504,-8.056025
1O1U,A,Q,99,A,-0.3,3.1224873,1.1602426
1O1U,A,T,38,A,1.2,-2.9182568,-3.7036932
1O1U,A,W,49,Y,1.2,0.6054674,0.11798233
1O6X,A,A,31,G,1.2,-2.622319,-3.4457757
1O6X,A,A,50,G,1.4,-5.704404,-7.1642733
1O6X,A,D,38,A,-0.36,-0.79505587,-2.2517333
1O6X,A,E,14,A,0.3,-1.0161808,-1.7704698
1O6X,A,E,20,G,1.42,-3.4047287,-5.6578245
1O6X,A,F,39,L,1.88,-2.7210093,-2.9422889
1O6X,A,F,65,A,0.98,-0.1804924,-2.2084894
1O6X,A,H,51,A,0.61,-1.8087637,-3.0376067
1O6X,A,I,15,V,0.43,-0.45411873,-1.2557441
1O6X,A,I,23,V,-0.42,-0.9929657,-1.6023817
1O6X,A,I,71,V,1.31,-2.2627168,-2.9659579
1O6X,A,I,75,A,1.31,-2.1596909,-4.107868
1O6X,A,K,41,A,1.98,-1.4089504,-2.946639
1O6X,A,L,26,V,0.97,-2.0055213,-2.2804275
1O6X,A,N,58,A,0.08,0.8390207,-0.08792615
1O6X,A,Q,60,G,0.49,-4.4226656,-7.7688675
1O6X,A,V,12,A,1.1,-1.9041977,-2.946028
1O6X,A,V,52,A,1.08,-2.7763274,-3.619174
1O6X,A,V,64,G,1.1,-2.7770698,-5.6154394
1O6X,A,Y,73,L,2.78,-6.26317,-6.8794804
1OSI,A,I,11,V,0.05,-3.0146856,-3.9146404
1OSI,A,S,92,F,-0.39,-2.833483,-0.70973325
1OSI,A,V,126,M,2.25,-6.9344726,-10.2209215
1OSI,A,V,15,I,0.78,0.26285553,0.97208583
1PFL,A,A,20,T,1.53,-3.3900075,-2.5929701
1PFL,A,G,117,V,1.96,-3.636245,-0.49794793
1PFL,A,M,113,T,3.53,-1.2655096,0.32051158
1PFL,A,Q,138,L,-1.82,0.16621959,0.30811918
1PFL,A,T,108,M,-0.07,0.105231285,-2.7762804
1PRE,A,C,159,S,2.4,-5.7209716,-7.4608183
1PRG,A,E,460,K,0.17,-2.327152,-1.3856121
1PRG,A,F,360,L,0.4,-5.7345986,-6.2561054
1PRG,A,P,467,L,-0.11,-8.296209,-8.1098175
1PRG,A,Q,286,P,0.3,-14.91882,-15.554136
1PRG,A,R,288,H,-0.06,1.103881,0.25220895
1PRG,A,R,357,A,-0.19,-0.25172234,-2.080518
1PRG,A,V,290,M,-0.03,-6.2538524,-8.29538
1R2Y,A,R,244,E,4.2,-8.817182,-9.468527
1R6R,A,I,88,N,0.13,-2.191286,-3.4540827
1R6R,A,L,50,S,2.81,-0.43716788,-2.3907127
1R6R,A,L,54,S,0.24,-1.7077216,-3.0363195
1R6R,A,L,81,N,6.84,-4.0806804,-4.754207
1SPD,A,C,111,S,-0.8,3.0208483,1.5670303
1SPD,A,C,6,A,-0.1,0.177629,-0.70269483
1X0J,A,D,160,N,4.1,-2.8838718,-3.0274453
1X0J,A,D,160,Y,4.02,-7.273837,-6.1133566
1X0J,A,D,161,N,2.21,-0.9032945,-0.63562286
1X0J,A,D,161,Y,3.38,-1.4605082,-0.3066908
1X0J,A,E,140,K,3.48,-5.9403243,-5.5744267
1X0J,A,R,100,L,5.22,0.1811204,0.22508729
1X0J,A,Y,153,H,6.49,-5.397153,-6.5233374
1XWS,A,E,124,Q,2.9,-1.5579512,-0.44162893
1XWS,A,E,135,K,4.59,0.075867414,1.1119576
1XWS,A,E,142,D,3.22,0.15245461,0.0013125837
1XWS,A,Y,53,H,3.3,-2.3932686,-3.217827
1XXN,A,N,181,R,-0.358,-3.7803936,-2.5248342
1XXN,A,N,32,D,0.86,-4.314709,-4.802873
1XXN,A,N,54,E,0.645,-6.8283257,-7.1276045
1XXN,A,S,22,E,-0.239,-3.0324287,-2.1026883
1XXN,A,S,27,E,0.645,-8.237704,-7.413563
1XZO,A,F,42,W,-2.87,-7.3309608,-6.749548
1XZO,A,W,101,F,2.89,-8.840682,-9.977061
1XZO,A,W,36,A,8.93,-9.940383,-13.394816
1XZO,A,W,36,F,4.25,1.5538902,1.0253556
2ARF,A,H,1069,Q,0.7170000000000001,-3.1291208,-2.9885087
2BJD,A,V,84,D,4.493,-18.189896,-19.0117
2BJD,A,V,84,P,4.517,-16.524347,-17.00972
2BJD,A,Y,86,E,2.103,-9.843028,-11.334857
2C9Q,A,Y,79,F,0.012,-6.148917,-6.4037566
2C9Q,A,Y,79,W,1.233,-13.515482,-12.975595
2CLR,B,H,13,F,-0.12,1.2261614,1.7628692
2CLR,B,H,31,F,-2.605,0.8789072,1.9530514
2CLR,B,H,51,F,1.912,-3.7928805,-3.2013726
2CLR,B,H,84,A,2.629,-7.2061133,-7.915574
2DVV,A,Q,443,H,-0.89,-6.525568,-7.15816
2DVV,A,R,419,W,0.02,-8.000785,-6.835841
2H3F,A,E,12,A,-1.07,-7.388047,-8.047853
2HBB,A,A,22,G,0.32,-3.8819382,-5.295385
2HBB,A,A,26,G,1.79,-6.232506,-7.264079
2HBB,A,A,36,G,1.55,-12.374487,-13.726015
2HBB,A,A,39,G,1.59,-9.205965,-10.393035
2HBB,A,A,42,G,0.33,-1.842277,-3.57546
2HBB,A,A,46,G,0.55,-5.2051487,-7.043833
2HBB,A,A,49,G,0.22,-3.4300385,-4.556798
2HBB,A,D,23,A,0.03,-0.7514607,-1.5451151
2HBB,A,D,23,N,0.79,-1.4551443,-1.2019386
2HBB,A,D,8,A,1.3,-11.128987,-12.169811
2HBB,A,D,8,N,0.38,-1.4121542,-1.9185328
2HBB,A,E,17,A,1.69,-7.148433,-8.248606
2HBB,A,E,17,Q,0.33,-2.4340315,-1.6724048
2HBB,A,E,38,A,0.41,-0.62046075,-1.4539139
2HBB,A,E,38,Q,0.68,-2.3108153,-1.5937064
2HBB,A,E,48,Q,-0.07,-1.0223405,-0.12611586
2HBB,A,F,31,A,2.84,-8.396291,-10.1493845
2HBB,A,F,5,L,1.15,-7.706077,-8.446336
2HBB,A,G,24,A,-0.02,-2.8895931,-1.35568
2HBB,A,G,34,A,1.02,-9.254162,-7.402509
2HBB,A,I,18,A,2.05,-6.28985,-8.690201
2HBB,A,I,18,V,0.07,-1.1085057,-1.9349811
2HBB,A,I,37,A,1.28,-10.126337,-11.846912
2HBB,A,I,37,V,-0.09,-3.1943693,-3.8386064
2HBB,A,I,4,V,0.59,-2.8292327,-3.2022104
2HBB,A,K,10,E,-0.13,-0.4016807,-1.8052461
2HBB,A,K,10,M,-0.47,-4.786241,-6.6238623
2HBB,A,K,12,A,-0.61,-1.0641127,-2.1085486
2HBB,A,K,12,G,-0.03,-8.733908,-11.227534
2HBB,A,K,12,M,-1.8,-0.60387045,-2.5920627
2HBB,A,K,14,A,0.73,-5.108142,-6.7440567
2HBB,A,K,14,G,1.3,-10.729113,-13.942431
2HBB,A,K,14,M,0.34,-3.8076985,-6.903984
2HBB,A,K,15,G,1.74,-9.1688,-11.846959
2HBB,A,K,15,M,0.44,-4.6324224,-7.063903
2HBB,A,K,7,M,-0.21,-5.825003,-8.299535
2HBB,A,L,30,A,2.76,-16.085163,-17.679966
2HBB,A,L,35,A,1.21,-10.59345,-12.78849
2HBB,A,L,44,A,1.73,-7.431505,-9.233067
2HBB,A,L,47,A,0.84,-9.000805,-10.746945
2HBB,A,L,6,A,3.1,-13.357689,-14.621516
2HBB,A,M,1,A,1.46,-3.6007974,-2.1419506
2HBB,A,T,40,S,0.8,-2.721097,-3.8499055
2HBB,A,V,21,A,2.33,-12.939217,-14.378285
2HBB,A,V,3,A,2.55,-10.094243,-11.640632
2HBB,A,V,9,A,1.81,-9.642654,-10.751982
2JIE,A,C,170,A,-2.997,-1.9069965,-4.2618294
2JIE,A,C,170,Q,-2.5810000000000004,-3.9942014,-4.67594
2JIE,A,E,157,D,2.075,1.9973893,1.6178684
2JIE,A,E,167,A,-4.247,-7.1824465,-7.931239
2JIE,A,E,225,A,4.36,1.1337054,0.5675395
2JIE,A,E,225,H,1.515,0.096016884,0.50076336
2JIE,A,E,409,A,-0.825,-7.347168,-8.192734
2JIE,A,E,409,D,0.909,-8.545142,-8.56103
2JIE,A,E,426,S,-0.87,-1.8152184,-2.52036
2JIE,A,F,418,A,0.165,-11.094792,-12.95976
2JIE,A,H,104,R,-1.536,2.5951931,3.1508048
2JIE,A,I,247,E,-1.241,-3.6512232,-4.665496
2JIE,A,I,247,N,-0.974,-2.6104884,-3.609035
2JIE,A,L,174,A,0.79,-3.036613,-4.5712366
2JIE,A,L,174,R,-0.336,-3.9710574,-3.9367592
2JIE,A,M,224,A,4.098,-2.450552,-1.3351289
2JIE,A,M,326,A,1.298,-5.242326,-4.2146235
2JIE,A,N,166,A,3.397,-7.6902866,-9.084326
2JIE,A,N,166,C,2.964,-7.8290286,-7.0569024
2JIE,A,N,223,A,0.6709999999999999,-1.2839279,-2.3316844
2JIE,A,N,223,G,-3.462,-3.8846714,-6.345544
2JIE,A,N,223,H,-2.583,-4.638769,-4.6406794
2JIE,A,N,223,R,-3.976,-6.5259714,-6.2687607
2JIE,A,N,223,Y,-5.73,-7.2180114,-6.4400167
2JIE,A,N,296,A,2.25,-7.275168,-8.393417
2JIE,A,N,296,C,0.017,-9.611796,-9.457412
2JIE,A,N,407,A,-0.464,-4.5850058,-5.348346
2JIE,A,N,407,C,-0.143,-4.1233377,-3.8123255
2JIE,A,Q,22,S,0.209,-10.55232,-12.254176
2JIE,A,R,243,A,0.166,-1.0428144,-2.8014712
2JIE,A,R,243,D,-0.213,-5.1889677,-6.2707076
2JIE,A,R,243,K,1.463,-0.40089464,-0.3177647
2JIE,A,S,17,A,1.246,2.7303615,2.8578258
2JIE,A,S,19,A,-0.951,0.60884905,0.83015037
2JIE,A,S,334,A,1.454,-0.017529964,0.48625553
2JIE,A,S,403,A,-0.92,-3.9638224,-3.6846848
2JIE,A,T,18,A,0.994,-7.0960693,-8.144919
2JIE,A,T,221,A,-3.189,-4.223149,-5.185532
2JIE,A,T,355,A,2.9610000000000003,-7.901296,-8.64432
2JIE,A,W,123,F,-2.19,-2.2898178,-2.66296
2JIE,A,W,123,H,-1.06,-5.3809776,-6.3950224
2JIE,A,W,328,A,1.159,-11.835649,-14.923266
2JIE,A,W,328,C,2.664,-11.918465,-13.2867155
2JIE,A,W,328,H,2.573,-9.251883,-11.29231
2JIE,A,W,328,R,0.95,-7.9222765,-9.382059
2JIE,A,W,402,C,0.36,-11.378438,-11.536121
2JIE,A,W,402,R,-2.615,-10.964898,-11.528191
2JIE,A,W,412,Y,-0.599,1.3255566,1.1576806
2JIE,A,Y,21,A,3.443,-3.631867,-5.3118925
2JIE,A,Y,297,A,-1.072,-9.911538,-11.636487
2JIE,A,Y,297,F,1.853,-3.5063605,-3.5873914
2JUC,A,C,57,D,2.54,-2.5669653,-4.8267365
2JUC,A,C,57,S,0.71,-0.9035884,-3.3377476
2JUC,A,R,18,A,1.75,-0.7140585,-2.2468224
2KJ3,A,D,288,A,-1.2,-0.90188664,-2.2028558
2KJ3,A,E,272,A,-1.9,-0.063844085,-0.5843583
2KJ3,A,G,278,A,0.8,-8.1584635,-6.7977304
2KJ3,A,K,229,A,-1.5,-0.8799815,-1.7775103
2KJ3,A,L,241,A,-1.0,-3.8415833,-5.4928217
2KJ3,A,S,273,A,-1.4,-0.05148816,0.318448
2KJ3,A,V,239,A,-1.0,-2.182626,-3.1804872
2KJ3,A,V,264,A,-1.0,-0.104890585,-1.5868901
2KJ3,A,V,267,A,-0.2,-1.7207375,-2.974483
2KS4,A,D,9,A,-1.26,-0.67314196,-1.8480313
2KS4,A,E,2,A,0.23,-0.8267573,-1.3181586
2LTB,A,L,558,P,1.57,-17.503962,-18.630188
2LTB,A,L,569,R,3.11,-17.800379,-17.610998
2LTB,A,M,619,K,3.34,2.5653434,5.9313107
2LTB,A,R,533,Q,1.1,2.9382367,2.9596038
2LTB,A,R,555,Q,0.36,-3.5643885,-3.3618515
2LTB,A,R,555,W,-1.79,-5.7288313,-4.765066
2M5S,A,D,302,A,4.0,-4.7668285,-5.9571905
2M5S,A,H,305,A,2.0,-1.9480202,-2.9575598
2MPC,A,A,89,T,0.24,-4.5623646,-3.7373447
2MPC,A,R,42,A,-0.62,0.76575375,-1.0802374
2MPC,A,R,42,W,-2.08,-2.8796787,-1.8667051
2N7Z,A,P,88,A,0.6,-9.33164,-10.507032
2NTE,A,I,738,V,2.0,-1.1866865,-1.7660128
2NTE,A,R,658,C,2.3,-4.541902,-4.0296917
2OUO,A,A,420,D,-0.44,3.2169971,4.052654
2PR5,A,A,33,Y,-0.5,-3.50046,-1.1984203
2PR5,A,A,81,M,0.4,-12.739772,-14.674581
2PR5,A,D,109,E,-0.3,-1.7427051,-1.5007534
2PR5,A,H,22,K,-0.3,1.1576201,1.3892236
2PR5,A,H,22,W,-1.2,-1.8849719,-1.3078558
2PR5,A,M,111,F,-2.9,1.5924478,3.7993991
2PR5,A,N,107,F,-0.9,-1.4856662,-0.20955706
2PR5,A,N,107,Y,-0.8,-1.3253999,-0.06334782
2PR5,A,N,124,F,-1.1,-5.243636,-4.3191595
2PR5,A,N,124,Y,-2.6,-4.709584,-3.511127
2PR5,A,T,30,M,-0.5,-9.026629,-10.646848
2PR5,A,T,50,M,0.5,-10.802273,-12.7343855
2PR5,A,T,54,Y,-0.2,-4.849365,-3.4909205
2PR5,A,V,120,I,-1.4,-0.18306541,0.3583691
2PR5,A,V,25,I,-0.4,-2.0589957,-1.2389988
2PR5,A,V,88,L,0.2,-10.587457,-10.486114
2PR5,A,V,90,I,0.7,-6.503889,-5.9705963
2PTL,A,A,22,G,2.43,-0.6765845,-2.4831471
2PTL,A,A,27,P,-0.1,-1.8230839,-0.6618118
2PTL,A,A,27,V,0.83,-1.6175096,0.14317393
2PTL,A,A,34,G,2.17,-2.2619328,-3.8085122
2PTL,A,A,34,V,-1.47,-0.055329025,1.3018708
2PTL,A,A,43,G,2.54,-3.9710264,-5.472151
2PTL,A,A,47,G,3.1,-3.3344467,-5.0236106
2PTL,A,A,49,G,1.32,-1.9117123,-3.0424519
2PTL,A,A,51,G,3.12,-3.6326802,-5.020522
2PTL,A,A,66,G,0.49,-2.1280713,-3.8062449
2PTL,A,D,52,A,1.21,-0.60961676,-0.90310526
2PTL,A,D,52,G,2.14,-2.6954386,-4.5189824
2PTL,A,D,64,A,0.2,-1.3140212,-2.1157014
2PTL,A,E,35,A,0.59,-2.6382627,-3.5384076
2PTL,A,E,46,G,1.19,-3.0956075,-6.0780373
2PTL,A,E,46,I,1.08,-1.3313175,-0.5578134
2PTL,A,E,60,A,0.23,0.03574705,-0.82968134
2PTL,A,F,26,A,3.12,-3.9598198,-5.253523
2PTL,A,F,26,L,0.68,-2.2056556,-1.6699276
2PTL,A,F,36,A,4.15,-1.8228859,-4.0750537
2PTL,A,F,36,L,3.12,-0.63291466,-1.108855
2PTL,A,F,40,G,3.08,1.0492394,-2.3190439
2PTL,A,F,40,L,0.38,1.0503498,0.56234384
2PTL,A,F,76,L,3.34,-2.5231378,-2.77569
2PTL,A,F,76,V,3.73,-4.372003,-5.8926096
2PTL,A,G,29,A,1.52,-7.7351193,-6.2309375
2PTL,A,G,29,V,2.53,-10.68495,-7.4524665
2PTL,A,G,38,A,2.08,-6.708109,-5.2539587
2PTL,A,G,59,A,2.23,-3.9610975,-3.0277328
2PTL,A,G,69,A,2.04,-6.140855,-4.617354
2PTL,A,I,20,A,4.9,-1.8902243,-3.5038257
2PTL,A,I,20,V,0.56,1.2197466,0.7342005
2PTL,A,I,25,A,1.37,-2.0770085,-4.2742167
2PTL,A,I,25,V,0.47,-0.007216096,-0.7420379
2PTL,A,I,74,A,4.72,-2.8459275,-5.273801
2PTL,A,I,74,V,1.69,-0.27652407,-1.165736
2PTL,A,K,21,A,0.92,-1.3652741,-3.031791
2PTL,A,K,37,A,0.88,-1.7232387,-3.5736675
2PTL,A,K,42,G,-0.16,-1.1510227,-4.035338
2PTL,A,K,55,A,-0.58,0.2807932,-1.9217792
2PTL,A,K,56,A,-0.35,-0.078700304,-1.6802572
2PTL,A,K,68,A,0.09,-0.04122305,-1.6860027
2PTL,A,K,75,A,0.45,-1.8765707,-3.803557
2PTL,A,L,24,A,3.12,-2.7266555,-4.435974
2PTL,A,L,54,A,2.44,-2.0604224,-3.7209678
2PTL,A,L,72,A,3.77,-1.9575075,-3.183559
2PTL,A,N,23,A,1.87,0.3432004,-0.5267356
2PTL,A,N,28,A,1.78,-5.150971,-5.9985113
2PTL,A,N,58,A,0.34,0.24995473,-0.31282613
2PTL,A,N,73,A,1.73,-2.228399,-3.5049114
2PTL,A,S,30,A,0.3,-1.2030339,-0.9009844
2PTL,A,S,45,A,-0.41,0.7733432,0.8980547
2PTL,A,S,45,G,0.82,-1.2794644,-2.5762084
2PTL,A,T,19,A,1.63,-2.4906352,-3.3464787
2PTL,A,T,31,A,1.17,-1.7768625,-2.659801
2PTL,A,T,33,A,1.11,-2.244971,-3.3880312
2PTL,A,T,39,A,1.25,-1.4855882,-2.404909
2PTL,A,T,44,A,1.09,-0.07265279,-1.2710994
2PTL,A,T,53,G,0.17,-0.8686039,-3.6775224
2PTL,A,T,62,A,0.97,-2.5367093,-3.3635836
2PTL,A,T,71,A,1.83,-1.7312012,-2.695644
2PTL,A,V,18,A,1.22,-1.698494,-2.7319052
2PTL,A,V,63,A,0.92,-1.7172419,-3.5579214
2PTL,A,V,65,A,1.14,-1.1584196,-2.7261
2PTL,A,Y,48,A,2.82,0.22136062,-1.7613537
2PTL,A,Y,50,A,2.46,0.6627257,-1.6443195
2PTL,A,Y,70,A,1.66,-0.72156286,-3.3929906
2PTL,A,Y,70,L,-0.43,0.21041381,-0.70845544
2RPN,A,E,7,L,-1.05,3.3204083,5.120863
2RPN,A,V,21,K,-0.39,1.7670393,1.8172514
2VY0,A,D,287,A,5.975,-11.804112,-13.150446
2VY0,A,E,53,A,6.597,-4.826553,-5.5173287
2WQG,A,D,15,A,-0.3,0.48141038,-0.89660585
2WQG,A,D,38,A,-0.1,1.1241361,0.5349165
2WQG,A,D,39,A,2.2,-0.5587106,-1.2861676
2WQG,A,D,39,N,2.6,-1.8901999,-1.8251326
2WQG,A,E,40,Q,0.1,-0.52609515,0.3286729
2WQG,A,E,41,G,0.4,-3.8816373,-6.5960474
2WQG,A,I,36,A,0.9,1.5291121,-1.1084912
2WQG,A,I,36,V,0.3,0.17683443,-0.6169971
2WQG,A,K,14,A,0.4,-2.4940062,-4.1739926
2WQG,A,K,14,G,1.9,-5.977634,-8.625744
2WQG,A,K,19,A,0.3,-0.6477058,-2.453644
2WQG,A,K,28,A,0.6,-5.5011277,-6.894383
2WQG,A,L,13,A,0.5,-1.1020079,-2.4837518
2WQG,A,L,16,A,1.3,-2.4296918,-3.823735
2WQG,A,L,8,A,2.0,-2.9862514,-4.7943354
2WQG,A,Q,12,A,0.6,-2.423188,-4.3561387
2WQG,A,Q,12,G,2.0,-5.3844247,-8.831339
2WQG,A,Q,33,A,-0.1,0.30248284,-1.9594989
2WQG,A,R,34,A,0.8,-1.0223083,-2.305297
2WQG,A,S,23,A,0.6,-2.0963867,-1.8204812
2WQG,A,S,6,A,-0.1,-1.5966314,-1.6263144
2WQG,A,S,6,G,0.2,-2.838545,-3.9744143
2WQG,A,T,9,S,-0.1,0.6599715,-0.90915227
2WQG,A,V,10,A,0.1,-0.55897945,-1.5390096
2WQG,A,V,10,G,0.7,-2.9499478,-5.4711685
2WQG,A,V,11,A,-0.4,2.7009172,1.5603027
2WQG,A,V,11,G,-0.1,0.33561197,-1.7863058
2WQG,A,V,24,A,0.5,-0.43254662,-2.0006871
2WQG,A,Y,5,F,2.4,-0.012850761,-0.102163315
2ZTA,A,E,11,Q,0.74,-0.9502746,-0.052505434
2ZTA,A,E,20,Q,-0.2,-0.12039077,0.6953448
2ZTA,A,E,22,Q,1.83,-0.20087063,0.8131515
2ZTA,A,K,15,A,0.41,-2.230479,-3.5666394
2ZTA,A,K,27,A,0.91,-1.9266903,-3.179022
2ZTA,A,K,28,A,0.06,-0.497262,-2.4255924
2ZTA,A,K,8,A,0.39,0.9058006,-0.4322008
2ZTA,A,R,25,A,1.66,-0.80591476,-2.2927852
3BCI,A,E,96,Q,-1.369,-1.406229,-0.26368523
3BCI,A,T,153,V,1.137,1.8631163,2.116508
3BN0,A,I,20,V,1.506,-2.0980053,-3.0269232
3C2I,A,D,156,E,-0.88,-4.958376,-4.661852
3C2I,A,F,155,S,-0.43,-13.764066,-15.975849
3C2I,A,L,100,V,-1.11,-9.293459,-9.833169
3C2I,A,P,152,R,-1.46,-9.55457,-8.871541
3C2I,A,R,106,Q,-0.12,-7.979395,-7.966352
3C2I,A,R,106,W,-0.04,-12.245054,-11.634658
3C2I,A,R,111,G,0.43,-4.289339,-7.314147
3C2I,A,R,133,C,-0.37,-2.2086275,-0.7930049
3C2I,A,R,133,H,-0.24,-2.283417,-2.4626765
3C2I,A,S,134,C,-1.05,-3.244495,-0.6295459
3C2I,A,T,158,A,-0.47,-2.6350913,-3.3482938
3C2I,A,T,158,M,-0.25,-3.7342253,-5.7845974
3D2A,A,M,134,E,-3.02,1.4184542,4.5273476
3D2A,A,M,137,P,-3.34,-0.79125446,1.802264
3D2A,A,S,163,P,-2.11,-6.191596,-5.2282233
3D3B,A,D,118,A,0.65,-0.7343017,-1.404083
3D3B,A,D,118,E,0.6,-0.21777618,-0.12685412
3D3B,A,D,118,K,1.6,0.5131171,1.6462593
3D3B,A,D,118,N,1.34,0.6496029,1.0146044
3D3B,A,D,118,R,1.41,-0.023106337,1.1220093
3DV0,I,A,131,G,1.7,-8.38251,-9.488696
3DV0,I,A,139,G,2.3,-8.608902,-10.133978
3DV0,I,A,165,G,0.9,-6.1993976,-7.5847616
3DV0,I,A,168,G,0.3,-4.6034956,-6.2219806
3DV0,I,D,145,A,2.1,-2.975539,-3.9103792
3DV0,I,D,145,N,0.9,-1.164043,-1.031247
3DV0,I,D,162,N,2.0,-6.2047915,-6.3975167
3DV0,I,D,164,A,2.3,-2.8871362,-3.4796581
3DV0,I,D,164,G,3.7,-8.330685,-10.719737
3DV0,I,D,164,N,1.9,-4.1583133,-4.1158657
3DV0,I,E,141,A,0.7,0.17733419,-0.14008385
3DV0,I,E,141,Q,0.4,-0.62738466,0.44959235
3DV0,I,I,130,A,0.7,-0.6160557,-2.4661586
3DV0,I,I,130,G,1.4,-2.5392776,-6.185238
3DV0,I,I,130,V,0.2,0.790058,0.17226994
3DV0,I,I,146,A,2.7,-6.852227,-8.699622
3DV0,I,I,146,V,1.2,-3.3108401,-3.9824176
3DV0,I,I,163,V,0.5,0.5123615,-0.13447809
3DV0,I,L,159,A,2.0,-3.903539,-5.6359034
3DV0,I,L,159,G,1.9,-5.0982385,-8.117182
3DV0,I,L,159,V,0.6,-4.159625,-4.5271297
3DV0,I,L,167,A,1.2,-8.061308,-9.91718
3DV0,I,L,167,V,0.2,-1.6352577,-1.9396644
3DV0,I,V,129,A,0.7,-4.934629,-6.1840715
3DV0,I,V,129,G,1.0,-8.068827,-11.107692
3DV0,I,V,135,A,1.5,-3.5200806,-4.610889
3DV0,I,V,144,A,2.0,-6.5168777,-7.5149403
3DV0,I,V,149,A,2.8,-9.33288,-9.976906
3DV0,I,V,149,G,4.1,-18.197403,-20.426754
3DV0,I,V,158,A,3.2,-11.235337,-12.628131
3DV0,I,Y,138,F,2.0,-1.3617225,-1.2735074
3ECU,A,H,46,R,-0.8,-3.039224,-2.882784
3FIS,A,P,61,A,0.5,-7.370116,-8.645097
3G1G,A,D,155,Y,-0.34,-2.8450267,-0.76864696
3G1G,A,F,167,Y,0.74,0.17975616,0.4272681
3G1G,A,I,190,V,0.17,-6.159285,-6.87668
3G1G,A,R,185,W,-1.32,-3.9255548,-2.3023114
3K82,A,E,334,L,3.35,-4.0744486,-3.2287679
3K82,A,E,334,Q,1.68,-1.1899035,-0.24402785
3K82,A,E,401,R,-5.49,2.106871,2.462538
3L15,B,Y,442,H,3.23,-3.913851,-4.539426
3MON,B,R,39,G,-1.194,-0.7536462,-3.7085412
3MON,B,W,3,C,2.866,-1.0389371,-2.7252035
3O39,A,F,115,I,1.81,-9.751928,-9.96139
3O39,A,F,115,L,1.64,-3.0308833,-3.4157994
3O39,A,H,96,L,0.58,-0.22727716,0.29340672
3O39,A,L,32,P,3.25,-5.020176,-5.8292527
3O39,A,Q,100,L,2.0,1.6553845,1.521343
3O39,A,Q,49,L,0.05,5.471295,5.3269415
3S4M,A,D,122,Y,1.3,-6.7159815,-5.7267118
3S4M,A,G,130,V,2.5,-20.32529,-16.710442
3S4M,A,I,154,F,-0.096,-16.817226,-16.689926
3S4M,A,W,155,R,0.693,-6.7758226,-7.812447
3S92,A,H,395,R,-2.03,-4.0270123,-3.7020543
4BJX,A,A,89,V,-0.99,-5.284939,-4.0995784
4BUQ,A,Y,137,A,-0.89,-4.7304487,-6.626488
4BUQ,A,Y,48,A,1.435,-0.584347,-2.958226
4HE7,A,A,19,D,0.24,-0.3529696,0.06399721
4HE7,A,A,19,G,-0.06,-1.9727032,-3.7436748
4HE7,A,A,19,K,0.46,0.9658456,2.4874024
4N6V,0,H,75,W,-0.574,2.0341964,3.5724962
4N6V,0,P,36,G,1.362,-1.9195726,-5.2460785
4N6V,0,P,79,S,-1.745,-3.237781,-4.603415
4WAA,A,K,65,A,-0.1,-3.3774447,-4.592021
4WAA,A,K,67,A,2.07,-1.429992,-2.9440455
4WAA,A,R,27,A,0.44,-2.0066195,-3.5611155
4YEE,A,V,134,T,0.71,-1.9277835,-2.4093845
4YEF,A,T,134,V,0.93,-2.529254,-2.4023554
5JXB,A,D,329,G,1.44,-0.5775037,-2.8911896
5JXB,A,D,329,P,1.44,-4.2892385,-4.5114055
5OAQ,A,Y,429,H,2.99,-4.629485,-5.4103756
5VP3,A,R,39,K,-0.413,-0.6131023,-0.6292022
5VP3,A,S,128,G,0.378,-5.5400863,-6.9854336
5VP3,A,V,183,T,-0.354,-4.0291247,-4.189179
