pdb_id,chain,pre,pos,post,ddG_experimental,ProteinMPNN+decode last,ProteinMPNN,ProteinMPNN-ddG
1A0F,A,S,11,A,1.8,-2.663657,-2.904719,-2.7746205
1A7V,A,A,104,H,2.69,-4.563035,-3.8736176,-3.575123
1A7V,A,A,66,H,1.98,-0.3149165,-0.14868343,0.7335888
1A7V,A,A,91,H,1.7,-4.011508,-3.0238838,-2.9636734
1A7V,A,D,3,H,1.36,-5.0511155,-4.9188585,-4.548032
1A7V,A,D,58,H,2.05,-2.6151335,-2.0342956,-1.9657688
1A7V,A,E,73,H,3.01,-3.2887404,-3.0933962,-2.45283
1A7V,A,K,13,H,0.6,-2.7160254,-2.7993612,-2.6610065
1A7V,A,K,20,H,2.88,-5.484683,-5.2161903,-5.4458737
1A7V,A,K,31,H,1.36,-2.6006541,-2.3785088,-1.9048076
1A7V,A,K,39,H,1.86,-3.9745173,-2.8770876,-3.9306784
1A7V,A,K,49,H,2.02,-4.9904933,-3.9634695,-4.853624
1A7V,A,K,84,H,2.88,-3.6814785,-3.8445568,-3.6356518
1A7V,A,K,97,H,1.97,-4.441129,-2.7361608,-4.3334613
1BA3,A,H,461,D,1.745,-3.4925156,-3.186332,-3.7396226
1BA3,A,H,489,D,-0.287,1.2236629,1.3481827,0.9687154
1BA3,A,H,489,K,0.287,2.6665301,2.8037133,2.12004
1BA3,A,H,489,M,0.263,-0.6499344,-0.633767,0.18218446
1BFM,A,M,35,W,0.7,-0.65285873,0.5185553,-0.27057076
1BFM,A,M,35,Y,0.4,-0.1845725,0.3993505,-0.7761385
1BNL,A,D,76,A,0.821,-3.3160305,-2.5522819,-3.6876512
1D5G,A,H,71,Y,0.04,1.8971934,1.2561772,2.339353
1D5G,A,I,20,F,-0.91,-1.1261487,-2.3180254,-0.23252964
1DIV,A,D,23,A,0.46,1.018844,0.61623347,-0.331792
1DIV,A,D,23,N,0.58,-0.17544088,-0.2908858,0.08257091
1DIV,A,D,8,N,0.3,-0.7695097,-0.3883363,-0.7009555
1DIV,A,E,100,A,0.98,0.3975687,1.8313096,0.16105324
1DIV,A,E,100,G,1.52,-1.9502052,-0.5971458,-3.1490817
1DIV,A,E,17,Q,0.21,-1.4052712,-0.521054,-0.82021385
1DIV,A,E,38,Q,0.56,-0.7145999,-0.83889145,-0.14396071
1DIV,A,E,48,Q,-0.03,-0.90221393,0.47939777,-0.26083082
1DIV,A,E,54,Q,-0.33,-0.9442961,-0.39065516,-0.27029216
1DIV,A,H,106,Q,1.53,-2.6128218,-3.1650946,-2.8119493
1DIV,A,H,134,Q,0.34,-4.9513774,-5.0259886,-5.5515285
1DIV,A,H,144,Q,0.56,0.9613807,0.38837266,0.4558708
1DIV,A,I,115,A,3.52,-5.373834,-5.349919,-6.2117887
1DIV,A,I,121,A,2.88,-5.4570174,-5.372629,-6.3057985
1DIV,A,I,4,A,2.22,-5.170176,-5.0759544,-5.97716
1DIV,A,I,4,V,0.59,-2.6128905,-2.2740538,-3.101291
1DIV,A,I,79,A,3.49,-5.161215,-5.1306243,-5.9198723
1DIV,A,I,93,A,3.19,-4.056279,-4.269116,-4.786131
1DIV,A,I,98,A,4.28,-5.4762335,-5.4614887,-7.597606
1DIV,A,K,10,M,-0.05,-2.9294162,-2.0760193,-1.5244839
1DIV,A,K,14,M,-0.01,-2.2477605,-1.4575435,-0.9325448
1DIV,A,K,15,M,0.31,-1.9293168,-1.7040911,-0.7847254
1DIV,A,K,7,M,-0.35,-4.7144246,-4.420549,-3.6163774
1DIV,A,K,96,A,-0.61,0.097106636,0.10950017,-0.8812384
1DIV,A,K,96,G,0.2,-0.37995178,-0.4833291,-2.2870162
1DIV,A,L,102,A,2.37,-5.38859,-5.0919366,-6.808112
1DIV,A,L,108,A,2.33,-3.3167267,-3.2435782,-4.0740805
1DIV,A,L,110,A,3.21,-4.747291,-4.707088,-5.593278
1DIV,A,L,117,A,0.82,-5.4920177,-5.2504954,-6.4095907
1DIV,A,L,133,A,2.94,-5.522675,-5.4996934,-6.873646
1DIV,A,L,141,A,3.56,-5.4173484,-5.167445,-6.1197224
1DIV,A,L,30,A,2.76,-4.7717285,-4.8629394,-6.170229
1DIV,A,L,30,V,3.62,-4.672477,-5.058501,-4.2248774
1DIV,A,L,6,A,3.1,-2.1332362,-2.3867965,-3.4578483
1DIV,A,L,6,I,0.13,-1.4140443,-1.5258462,-0.67642045
1DIV,A,L,6,V,0.41,-1.0117018,-1.2905681,-0.5776463
1DIV,A,L,72,A,3.77,-4.3844714,-4.9092026,-5.7052474
1DIV,A,M,1,A,1.46,-1.5643969,-1.3847175,-3.619018
1DIV,A,M,1,G,2.36,-1.8702129,-1.7317191,-3.0175095
1DIV,A,V,129,A,1.81,-4.3877807,-4.31086,-4.826221
1DIV,A,V,131,A,1.93,-5.3153496,-5.100257,-5.637718
1DIV,A,V,137,A,2.41,-5.7035213,-5.6386676,-6.2844195
1DIV,A,V,143,A,3.25,-5.605025,-5.5001583,-5.8467264
1DIV,A,V,145,A,1.92,-5.2331157,-5.2648916,-5.5953164
1DIV,A,V,21,A,2.33,-2.7782114,-1.4216616,-3.5061789
1DIV,A,V,21,I,0.4,-1.0425373,0.955176,-0.60361403
1DIV,A,V,21,L,1.23,-1.3538674,1.1603931,-0.9959769
1DIV,A,V,3,A,2.55,-2.0718703,-0.268758,-2.558216
1DIV,A,V,3,I,0.31,-3.117679,-1.9095124,-2.6562347
1DIV,A,V,3,L,2.21,-2.931706,-1.6442618,-2.5080354
1DXX,A,K,18,N,3.7,-1.450824,-1.6083012,-1.7817082
1EKG,A,L,198,C,1.0,-3.6301665,-4.156519,-2.2055295
1EKG,A,L,200,C,2.0,-4.7021866,-4.7537036,-3.6627486
1EKG,A,L,203,C,-1.0,-3.644289,-3.7781692,-2.363245
1EKG,A,S,181,F,2.6,-5.020805,-5.009032,-3.4014726
1F8I,A,F,345,A,0.455,-2.398559,-3.2883232,-4.1608496
1FH5,H,S,18,N,-0.6,-1.7238003,-1.8504424,-0.40760684
1FRD,A,H,42,R,-4.0,2.870317,3.2020352,2.4866629
1FT8,A,I,264,V,0.64,-1.0317646,-0.46013746,-1.3950802
1FT8,A,L,212,V,1.38,-3.3299797,-2.9577837,-2.9242802
1FT8,A,L,238,I,0.35,-1.3635497,-1.2310209,-1.1070532
1FT8,A,L,267,I,0.11,-0.28416824,-0.25181508,-0.28931144
1FT8,A,L,293,I,0.8,-4.891187,-4.874106,-4.868128
1FT8,A,L,293,V,1.41,-5.5125723,-5.4725976,-5.9928794
1FT8,A,L,315,A,1.65,-5.4100533,-5.3690047,-6.1879797
1FT8,A,L,317,I,0.85,-5.442186,-5.427428,-5.388972
1FT8,A,L,348,I,0.53,-4.535223,-4.599057,-4.533322
1FT8,A,L,349,I,-0.05,-0.69772685,-0.7281286,0.042381465
1FT8,A,M,216,L,-0.27,-0.52693176,0.11451411,-1.3336056
1FT8,A,S,339,A,-0.32,0.43325007,0.87008786,0.1990186
1FT8,A,V,287,A,0.16,-2.4451418,-0.38595223,-4.2552614
1FXA,A,E,94,D,1.1,-1.1487226,-0.82428426,-0.9458879
1FXA,A,E,94,K,0.4,-1.0325032,0.079367995,-0.3177873
1FXA,A,E,94,Q,-0.6,-0.0779227,0.25216073,0.5524913
1FXA,A,E,95,K,-1.0,0.13424128,-0.056435883,0.83035636
1FXA,A,F,65,A,1.0,-2.7653353,1.6634007,-4.5561657
1FXA,A,F,65,I,0.9,-4.730043,-1.7101694,-4.446822
1FXA,A,F,65,W,0.6,-2.4954891,-1.7808535,-1.8882971
1FXA,A,F,65,Y,0.5,-0.41522598,0.15664464,-0.81533945
1FXA,A,R,42,A,2.4,-2.3647316,-1.5641241,-3.0808296
1FXA,A,R,42,H,1.4,-2.7791364,-2.0807457,-2.415622
1FXA,A,T,48,A,-0.1,-1.4261196,-2.0955176,-2.4161522
1G3P,A,A,147,K,0.287,1.3124094,1.5127587,2.0013642
1G3P,A,D,160,A,0.263,-0.7387925,-0.78927106,-1.5815415
1G3P,A,D,160,C,0.096,-2.7247143,-2.8707435,-1.3405348
1G3P,A,D,160,E,0.359,-1.6609197,-1.6209605,-2.3801332
1G3P,A,D,160,F,0.359,-2.2241983,-2.1596606,-1.3872461
1G3P,A,D,160,G,0.669,-2.3618007,-2.7808752,-2.5656388
1G3P,A,D,160,H,-0.048,-1.5813832,-1.3748007,-1.1674223
1G3P,A,D,160,I,0.932,-3.0700922,-3.2674816,-2.8620687
1G3P,A,D,160,K,0.335,-1.275386,-1.1973968,-1.4867369
1G3P,A,D,160,L,0.55,-2.6363277,-2.7181816,-2.6118991
1G3P,A,D,160,M,0.502,-3.1515806,-3.0712185,-1.9012812
1G3P,A,D,160,N,-0.072,1.4136341,1.2831821,1.5427535
1G3P,A,D,160,P,0.645,-3.4056046,-3.4823835,-2.3574204
1G3P,A,D,160,Q,0.478,-1.5123066,-1.3966807,-1.6413326
1G3P,A,D,160,R,0.669,-1.8550117,-1.655923,-2.2366433
1G3P,A,D,160,S,0.287,0.97459507,0.5432453,0.2898724
1G3P,A,D,160,T,0.741,-1.3388578,-1.6019385,-1.7314831
1G3P,A,D,160,V,1.123,-2.8434033,-2.9823565,-3.0527976
1G3P,A,D,160,W,0.1669999999999999,-2.8350594,-2.8041387,-1.3590924
1G3P,A,D,160,Y,0.072,-2.2270863,-2.0671115,-1.8299067
1G3P,A,F,136,V,3.705,-3.5501566,-3.5244403,-5.2366867
1G3P,A,N,138,G,-0.765,2.2057686,1.9914296,1.1388779
1G3P,A,N,139,K,0.43,-2.9597054,-3.2287354,-3.646893
1G3P,A,N,139,V,2.032,-1.1186264,-1.9613689,-2.2430713
1G3P,A,Q,137,N,1.793,-5.7290072,-5.7015553,-5.983707
1G3P,A,Q,145,N,-0.263,2.1260185,2.5532794,1.9108945
1G3P,A,R,144,V,-0.765,0.8614008,-1.6963352,0.93341666
1GLU,A,C,500,A,1.22,-2.1124768,-1.1901112,-4.4690294
1GUA,B,A,118,G,1.963,-5.365431,-5.448243,-6.33055
1GUA,B,A,118,L,1.951,-5.532294,-5.2173758,-4.221362
1GUA,B,A,85,G,2.149,-4.6219826,-4.548251,-5.4889627
1GUA,B,A,97,G,0.863,-2.2603893,-2.3300128,-1.0261235
1GUA,B,C,81,A,-0.283,1.1521668,2.2146432,-1.1666124
1GUA,B,C,81,I,0.912,-3.196437,-2.2651215,-3.4577656
1GUA,B,C,95,A,0.08,0.8126532,0.58191645,-1.5246221
1GUA,B,C,96,A,1.759,-3.832346,-3.4066222,-6.159462
1GUA,B,C,96,L,0.043,-0.14924169,0.8517966,-1.4286373
1GUA,B,C,96,M,0.337,-0.7482877,-0.029647112,-0.9802934
1GUA,B,D,117,A,0.706,-0.28887427,0.47284234,-1.5258076
1GUA,B,D,129,A,0.855,-0.6696065,-0.975704,-1.8749704
1GUA,B,D,80,A,0.493,-2.7293293,-3.6272092,-3.1696863
1GUA,B,E,104,A,-0.021,0.030865967,0.029456437,-0.1929195
1GUA,B,E,124,A,0.101,-0.8596358,-1.121664,-1.0481925
1GUA,B,E,125,A,0.591,-3.520961,-2.8040826,-3.7031164
1GUA,B,I,58,A,3.274,-5.636153,-5.61237,-6.415055
1GUA,B,I,58,F,1.2990000000000002,-5.377529,-5.3150563,-4.2819433
1GUA,B,I,58,L,0.7709999999999999,-3.612567,-3.5627568,-3.5861523
1GUA,B,K,109,A,0.327,-4.0845914,-2.97334,-5.140294
1GUA,B,L,112,A,2.593,-5.1335588,-5.0201592,-6.2063065
1GUA,B,L,121,A,2.5340000000000003,-5.064086,-5.155671,-6.2684445
1GUA,B,L,126,A,3.405,-5.57715,-5.5743713,-6.667282
1GUA,B,L,62,A,3.46,-5.5512643,-5.4406033,-6.7917967
1GUA,B,L,78,A,3.803,-5.3562307,-5.3645735,-6.747546
1GUA,B,L,82,A,3.529,-5.220099,-3.8774834,-6.5185013
1GUA,B,L,82,I,1.6,-2.2068164,0.91266465,-1.5423038
1GUA,B,L,82,V,1.7,-3.8428667,-1.3400717,-3.4784868
1GUA,B,L,86,A,3.2260000000000004,-4.780642,-5.0534396,-6.1703224
1GUA,B,L,91,A,1.575,-4.8617125,-5.120925,-5.7751255
1GUA,B,M,76,A,0.961,-3.1699588,-2.7606661,-5.255713
1GUA,B,N,56,M,-0.271,0.48781592,0.48001617,1.9239287
1GUA,B,N,64,A,1.14,-2.0108714,-1.6950761,-2.59974
1GUA,B,P,63,A,1.7080000000000002,-5.413696,-5.3765926,-7.7503395
1GUA,B,P,93,A,0.0819999999999999,-2.0584013,-1.8382862,-2.4785044
1GUA,B,Q,66,A,0.504,-1.5050569,-1.4682211,-2.287685
1GUA,B,R,100,A,0.693,-3.9703016,-1.6599531,-4.5205956
1GUA,B,R,59,A,-0.178,-2.1545935,-1.2258646,-2.5974734
1GUA,B,R,89,L,-1.078,-2.0135503,-2.0389814,-1.4711851
1GUA,B,S,77,A,1.5730000000000002,-3.397502,-3.2298055,-3.6056082
1GUA,B,S,77,T,-0.581,1.0558205,0.9956918,1.4437594
1GUA,B,T,68,A,0.109,0.22272718,1.1600574,-0.29666317
1GUA,B,V,128,A,3.3680000000000003,-5.251103,-5.074709,-5.529323
1GUA,B,V,60,A,2.251,-4.568263,-4.6070843,-4.8946886
1GUA,B,V,69,A,1.116,-3.703286,-3.399044,-3.849504
1GUA,B,V,70,A,1.77,-4.9580464,-3.7256207,-5.639989
1GUA,B,V,72,A,1.052,-5.55357,-5.4959693,-5.7367916
1GUA,B,V,72,I,0.8640000000000001,-3.312925,-2.745096,-2.7930253
1GUA,B,V,98,A,1.981,-3.1683156,-3.0509853,-3.4544976
1GWY,A,A,8,D,1.6,2.8280487,0.21887112,4.108905
1H0X,A,P,18,A,1.936,-2.0820177,-2.0992556,-4.786847
1H0X,A,P,62,A,2.5810000000000004,-2.6036417,-3.0012672,-4.9796
1HCQ,A,C,67,A,2.09,-2.6911888,-2.2646546,-5.0981703
1HCQ,A,C,67,S,1.99,-3.9885573,-3.4562106,-6.1447043
1IOJ,A,G,15,A,-0.4,-1.141133,-1.5561932,-0.15082872
1IR3,A,W,1175,F,-0.6,-0.98938453,-0.6432866,-1.5919435
1ITM,A,C,24,T,3.3,-4.578258,-2.1774964,-6.168619
1ITM,A,C,3,T,5.0,-4.3668385,-4.545407,-5.866373
1ITM,A,W,91,S,-1.4,1.9252267,2.613368,-0.38308144
1IV7,B,A,173,C,-0.5,-3.4426441,-1.7394555,-1.1684499
1IV7,B,F,189,C,2.5,-5.427554,-4.344791,-4.9663663
1IV7,B,L,162,C,1.9,-5.3607554,-5.370991,-3.9430974
1IV9,A,S,76,Y,-4.299,1.6426909,0.15388477,2.8183098
1J8I,A,K,25,A,-0.1,-0.52235115,-0.6898004,-1.53053
1J8I,A,K,66,A,-0.1,-1.2176206,-1.5274272,-2.1965208
1J8I,A,R,23,A,-0.8,-0.049016505,-0.20383659,-0.819553
1J8I,A,R,35,A,0.1,-0.68477553,-0.08651656,-1.2851627
1J8I,A,R,43,A,-0.7,-0.5664778,-0.1729632,-1.3839477
1J8I,A,R,9,A,0.1,0.2655488,0.21560809,-0.64540327
1JL9,A,A,25,C,1.44,-2.4873676,-2.5937436,-0.11109018
1JLV,A,E,64,D,1.162,-1.9044347,-2.7033358,-0.882633
1JLV,A,E,64,N,2.3040000000000003,-3.8904884,-3.9800906,-2.7314327
1JLV,A,E,64,Q,2.302,-2.556919,-2.6782632,-1.984803
1L6H,A,F,39,A,1.6969999999999998,0.9909799,0.6957256,-0.91262627
1L6H,A,Y,45,A,0.55,1.7501509,1.8726281,0.1999445
1L6H,A,Y,48,A,1.482,0.76298594,0.6145411,-0.80424273
1LVM,A,E,106,G,-1.4,2.2952473,2.3630385,1.3601727
1LVM,A,K,45,F,-0.43,-3.0464597,-2.7253397,-2.0644462
1LVM,A,L,56,V,-0.0,0.26240146,0.87156826,-0.2521546
1LVM,A,Q,58,F,-0.6,-3.3443367,-2.5806663,-2.250216
1LVM,A,S,135,G,-0.0,3.285095,3.438509,1.9014537
1N18,A,E,100,G,2.5,-4.576247,-2.9977164,-3.3369646
1N18,A,G,85,R,1.4,-5.512114,-5.493837,-3.6115851
1N18,A,H,46,R,-1.4,-5.6087866,-5.699953,-6.13369
1N18,A,V,148,I,-0.1,-1.5894234,-1.7924562,-1.0647207
1N88,A,F,21,A,1.39,-0.3803947,-0.14106202,-2.3486822
1N88,A,I,39,A,1.39,-2.9613414,-2.2980351,-5.0988426
1N88,A,I,80,A,2.79,0.3264244,1.1439033,-0.6048142
1N88,A,I,89,A,2.35,-5.273556,-5.0211716,-6.2280188
1N88,A,I,8,V,1.52,1.5164742,1.54777,1.1064696
1N88,A,L,13,A,1.52,-1.5083892,-1.6941793,-2.380425
1N88,A,L,57,A,1.11,0.750139,0.77453005,-0.41962886
1N88,A,V,12,A,1.94,-2.2070017,-2.3836613,-2.7233553
1N88,A,V,30,A,2.84,-1.8604392,-0.6537703,-2.6483614
1N88,A,V,43,A,2.82,-4.3534956,-4.2685184,-6.1856184
1N88,A,V,49,A,2.83,-1.7228644,-1.5528796,-3.3397934
1N88,A,V,51,A,3.24,-1.1779039,-1.9371088,-1.6551194
1N88,A,V,54,A,3.73,-0.96547174,-0.4225819,-1.4674919
1N88,A,V,81,A,2.82,-2.0986714,-0.7159684,-2.586591
1N88,A,V,83,A,3.1,-4.315603,-3.6042914,-5.1056194
1N88,A,Y,18,A,-0.06,0.39743373,1.6425136,-1.1829677
1N88,A,Y,26,A,4.61,2.9919221,-0.8977035,1.7648188
1NM1,A,D,187,N,0.88,-1.2466071,-0.47506058,-1.0866477
1NM1,A,D,187,Y,1.9,-3.7348998,-3.2865598,-2.6990347
1O1U,A,E,110,A,3.3,-0.6322627,-1.2392329,-0.9437879
1O1U,A,N,61,A,1.2,-0.5191338,0.27136877,-1.430542
1O1U,A,Q,51,A,0.3,0.026861489,0.56894225,-0.7082951
1O1U,A,Q,99,A,-0.3,0.651548,0.5670344,-0.16434747
1O1U,A,T,38,A,1.2,-1.3132546,-0.5767363,-1.66858
1O1U,A,W,49,Y,1.2,-0.24638262,-0.29350883,-1.2468134
1O6X,A,A,31,G,1.2,-1.559534,-1.7298238,-2.451294
1O6X,A,A,50,G,1.4,-4.133244,-3.6542208,-3.0651572
1O6X,A,D,38,A,-0.36,-0.76018053,-0.7381069,-1.9481668
1O6X,A,E,14,A,0.3,-1.5079674,-1.6939564,-1.5762718
1O6X,A,E,20,G,1.42,-3.1302686,-3.1591663,-4.2573023
1O6X,A,F,39,L,1.88,-4.0260196,-2.7046885,-5.0063434
1O6X,A,F,65,A,0.98,-0.2872907,-1.3987932,-2.202767
1O6X,A,H,51,A,0.61,-0.64917815,-0.36800992,-1.8851186
1O6X,A,I,15,V,0.43,-0.74668646,-0.3320167,-1.2651693
1O6X,A,I,23,V,-0.42,0.21446466,-0.6526029,-0.078354955
1O6X,A,I,71,V,1.31,-2.239154,-2.6248605,-2.6332865
1O6X,A,I,75,A,1.31,-2.859733,-3.9534516,-3.6729832
1O6X,A,K,41,A,1.98,-0.5407312,-0.09478323,-1.1566565
1O6X,A,L,26,V,0.97,-5.1972294,-2.5251303,-4.753701
1O6X,A,N,58,A,0.08,0.66839606,-0.63204026,0.098736346
1O6X,A,Q,60,G,0.49,-1.1031293,-0.9115068,-3.0182586
1O6X,A,V,12,A,1.1,-1.9006832,-2.1508489,-2.853625
1O6X,A,V,52,A,1.08,-1.4870627,-1.5624835,-1.8584579
1O6X,A,V,64,G,1.1,0.42817163,0.15775663,-2.2202487
1O6X,A,Y,73,L,2.78,-5.3491096,-5.4699492,-5.3509054
1OSI,A,I,11,V,0.05,-1.1974261,-0.31321526,-1.4997816
1OSI,A,S,92,F,-0.39,-1.5425369,-1.98357,0.12239826
1OSI,A,V,126,M,2.25,-4.9478846,-4.910835,-3.2241604
1OSI,A,V,15,I,0.78,0.56383705,0.4900849,0.86720514
1PFL,A,A,20,T,1.53,-4.293392,-3.0849638,-3.7499204
1PFL,A,G,117,V,1.96,-1.4260162,-1.610573,0.2357856
1PFL,A,M,113,T,3.53,0.28113005,0.47055733,-1.3420856
1PFL,A,Q,138,L,-1.82,-0.5439192,-0.8884195,-0.11374846
1PFL,A,T,108,M,-0.07,0.055563033,-2.3734186,1.5626314
1PRE,A,C,159,S,2.4,-5.4719577,-4.8384957,-7.601086
1PRG,A,E,460,K,0.17,-0.87247705,-0.8159608,-0.33444214
1PRG,A,F,360,L,0.4,-2.1980023,-1.4361217,-2.732977
1PRG,A,P,467,L,-0.11,-4.390093,-4.2956004,-3.5698266
1PRG,A,Q,286,P,0.3,-3.138804,-2.2105412,-3.053606
1PRG,A,R,288,H,-0.06,-0.26336175,-0.91139686,-0.11946294
1PRG,A,R,357,A,-0.19,-0.82872665,1.004164,-1.2462671
1PRG,A,V,290,M,-0.03,-4.1312323,-4.8978834,-3.8036566
1R2Y,A,R,244,E,4.2,-2.8888521,-3.3193212,-3.3937073
1R6R,A,I,88,N,0.13,-3.1054451,-2.2821987,-4.623905
1R6R,A,L,50,S,2.81,-1.1650423,-0.7724156,-2.322881
1R6R,A,L,54,S,0.24,-1.0371867,-0.69900954,-2.2628272
1R6R,A,L,81,N,6.84,-2.6091752,-2.479389,-3.40066
1SPD,A,C,111,S,-0.8,2.3380384,2.0820515,0.49864793
1SPD,A,C,6,A,-0.1,1.3778872,0.9576261,-1.0437255
1X0J,A,D,160,N,4.1,-0.07404518,-1.0997963,0.09913936
1X0J,A,D,160,Y,4.02,-3.6419246,-4.1993427,-3.4683425
1X0J,A,D,161,N,2.21,0.081905276,-0.4582812,0.23371994
1X0J,A,D,161,Y,3.38,-0.36593127,-1.0544512,0.67094326
1X0J,A,E,140,K,3.48,-3.8455782,-4.0692544,-3.1269636
1X0J,A,R,100,L,5.22,-1.0295513,0.6704786,-0.4988088
1X0J,A,Y,153,H,6.49,-1.78682,-1.5267632,-2.2510223
1XWS,A,E,124,Q,2.9,-1.4433584,-1.2404768,-0.85695404
1XWS,A,E,135,K,4.59,-0.7613672,-0.04829943,-0.042064607
1XWS,A,E,142,D,3.22,-1.0263138,-1.232986,-0.8048388
1XWS,A,Y,53,H,3.3,-1.4333417,-2.1845756,-1.5112021
1XXN,A,N,181,R,-0.358,-2.6728995,-2.3431525,-3.722281
1XXN,A,N,32,D,0.86,-1.9651258,-0.79859066,-2.0642304
1XXN,A,N,54,E,0.645,-5.2304077,-2.6743097,-6.603506
1XXN,A,S,22,E,-0.239,-3.2049448,-3.3780284,-3.4355395
1XXN,A,S,27,E,0.645,-5.676929,-5.5629773,-5.7041597
1XZO,A,F,42,W,-2.87,-1.0853889,-1.9663174,-0.5592493
1XZO,A,W,101,F,2.89,-3.1453965,0.15938354,-3.7198787
1XZO,A,W,36,A,8.93,-2.0712352,-0.51700747,-4.424966
1XZO,A,W,36,F,4.25,0.6857283,1.6240742,0.10702062
2ARF,A,H,1069,Q,0.7170000000000001,-0.18196672,-0.7261475,-0.8967226
2BJD,A,V,84,D,4.493,-5.714092,-5.7419457,-4.8546896
2BJD,A,V,84,P,4.517,-5.6464863,-5.5840755,-3.3105922
2BJD,A,Y,86,E,2.103,-5.5083203,-5.5341873,-6.7262554
2C9Q,A,Y,79,F,0.012,-4.680375,-5.2225533,-4.205932
2C9Q,A,Y,79,W,1.233,-5.3258696,-5.3578463,-4.328514
2CLR,B,H,13,F,-0.12,0.6170536,-0.8061855,1.1443866
2CLR,B,H,31,F,-2.605,1.3912394,1.4572666,1.8003716
2CLR,B,H,51,F,1.912,-3.8627536,-3.5742571,-3.3083832
2CLR,B,H,84,A,2.629,-4.6927094,-5.0889015,-6.142478
2DVV,A,Q,443,H,-0.89,-0.58097976,-1.0823319,-0.45548582
2DVV,A,R,419,W,0.02,-1.8187224,-2.0676417,-0.20728958
2H3F,A,E,12,A,-1.07,-4.2776203,-4.1259995,-4.496155
2HBB,A,A,22,G,0.32,-1.1911563,-1.2164903,-0.07332587
2HBB,A,A,26,G,1.79,-4.1548996,-3.6888905,-5.0628347
2HBB,A,A,36,G,1.55,-4.3925924,-3.4943213,-3.551745
2HBB,A,A,39,G,1.59,-5.0961537,-5.0695286,-5.42218
2HBB,A,A,42,G,0.33,-1.810091,-1.2765858,-2.7252488
2HBB,A,A,46,G,0.55,-3.318923,-3.0354323,-4.257018
2HBB,A,A,49,G,0.22,-3.3522499,-3.2838116,-4.273635
2HBB,A,D,23,A,0.03,0.022439241,-0.33207494,-0.43997693
2HBB,A,D,23,N,0.79,-0.059558183,-0.79674435,0.09053287
2HBB,A,D,8,A,1.3,-5.3379054,-4.782208,-6.625666
2HBB,A,D,8,N,0.38,-2.1807055,-1.4348598,-2.0082693
2HBB,A,E,17,A,1.69,-5.075389,-5.02689,-5.149503
2HBB,A,E,17,Q,0.33,-2.5777812,-3.0275347,-1.9946272
2HBB,A,E,38,A,0.41,0.27665448,-1.3292106,0.19147092
2HBB,A,E,38,Q,0.68,-0.97662055,-1.6472571,-0.39096576
2HBB,A,E,48,Q,-0.07,-0.66023767,-0.4940524,0.0101034045
2HBB,A,F,31,A,2.84,-3.9985118,-4.113653,-5.9404593
2HBB,A,F,5,L,1.15,-4.163518,-4.509271,-5.120425
2HBB,A,G,24,A,-0.02,0.546862,0.70495063,1.3673685
2HBB,A,G,34,A,1.02,-4.1907096,-4.017509,-3.7390141
2HBB,A,I,18,A,2.05,-5.2905912,-5.0235243,-6.0043178
2HBB,A,I,18,V,0.07,-1.1627946,-0.9719231,-1.6932025
2HBB,A,I,37,A,1.28,-3.2020218,-3.379986,-4.3835154
2HBB,A,I,37,V,-0.09,-0.23191643,-0.33937,-0.6801385
2HBB,A,I,4,V,0.59,-0.7127466,-2.2019901,-1.2575762
2HBB,A,K,10,E,-0.13,-0.7710564,-0.012815714,-1.3824822
2HBB,A,K,10,M,-0.47,-4.277914,-3.4243064,-2.9458055
2HBB,A,K,12,A,-0.61,-1.5914029,-1.4974208,-2.5485556
2HBB,A,K,12,G,-0.03,-1.8499058,-1.8363085,-3.7552433
2HBB,A,K,12,M,-1.8,-1.3799208,-0.83955264,-0.15366638
2HBB,A,K,14,A,0.73,-4.1987166,-3.9657507,-5.0636754
2HBB,A,K,14,G,1.3,-5.023118,-4.931188,-4.635686
2HBB,A,K,14,M,0.34,-4.961439,-4.371089,-3.6960843
2HBB,A,K,15,G,1.74,-5.0241613,-5.5630713,-4.7672076
2HBB,A,K,15,M,0.44,-4.62079,-5.0819445,-3.237306
2HBB,A,K,7,M,-0.21,-4.9594326,-3.8688822,-3.7601554
2HBB,A,L,30,A,2.76,-5.5936117,-5.1878834,-6.9231715
2HBB,A,L,35,A,1.21,-3.62008,-3.3236282,-4.989029
2HBB,A,L,44,A,1.73,-3.7887664,-3.6844022,-5.1622095
2HBB,A,L,47,A,0.84,-4.4271903,-3.6155567,-5.815724
2HBB,A,L,6,A,3.1,-5.4638643,-5.4541874,-6.8033447
2HBB,A,M,1,A,1.46,-3.4745004,-1.4789342,-5.604335
2HBB,A,T,40,S,0.8,-2.535162,-2.3588765,-2.7779822
2HBB,A,V,21,A,2.33,-5.6435614,-5.55692,-6.580081
2HBB,A,V,3,A,2.55,-5.597076,-5.518828,-6.462943
2HBB,A,V,9,A,1.81,-5.407922,-5.3232536,-5.661456
2JIE,A,C,170,A,-2.997,1.6150448,1.5437293,-0.7739749
2JIE,A,C,170,Q,-2.5810000000000004,1.5520483,1.3127025,0.051926494
2JIE,A,E,157,D,2.075,0.9468181,0.7503712,1.1862338
2JIE,A,E,167,A,-4.247,-4.819701,-4.77151,-4.976844
2JIE,A,E,225,A,4.36,-1.5889808,-0.45132592,-1.638557
2JIE,A,E,225,H,1.515,-2.6047435,-0.17616725,-1.3669676
2JIE,A,E,409,A,-0.825,0.75741345,-0.32718316,0.6076047
2JIE,A,E,409,D,0.909,0.26744896,-0.035742044,0.7198444
2JIE,A,E,426,S,-0.87,-1.2259487,-0.26814985,-1.2719887
2JIE,A,F,418,A,0.165,-1.596281,-1.3411953,-3.4344437
2JIE,A,H,104,R,-1.536,2.5853784,2.4547975,2.449874
2JIE,A,I,247,E,-1.241,-3.0445633,-2.9413311,-4.92414
2JIE,A,I,247,N,-0.974,-3.3081715,-3.0359159,-4.816417
2JIE,A,L,174,A,0.79,-1.5477291,-1.0117029,-2.8576684
2JIE,A,L,174,R,-0.336,-0.73867035,-0.98722607,-1.2506039
2JIE,A,M,224,A,4.098,-2.8009324,-1.6477615,-4.926896
2JIE,A,M,326,A,1.298,-0.48960704,0.14150977,-2.6383712
2JIE,A,N,166,A,3.397,-6.631459,-5.885767,-8.133152
2JIE,A,N,166,C,2.964,-6.699095,-6.557859,-5.996235
2JIE,A,N,223,A,0.6709999999999999,0.08867389,-1.202419,-1.5940287
2JIE,A,N,223,G,-3.462,-1.33816,-2.0648766,-1.4924638
2JIE,A,N,223,H,-2.583,0.6500438,0.22944069,0.5782664
2JIE,A,N,223,R,-3.976,-1.1547939,-2.7425163,-2.340407
2JIE,A,N,223,Y,-5.73,1.873517,-0.08866334,1.6889906
2JIE,A,N,296,A,2.25,-3.74875,-3.5816824,-5.212282
2JIE,A,N,296,C,0.017,-4.201687,-4.0500402,-3.429427
2JIE,A,N,407,A,-0.464,0.16935316,0.18387643,-0.8870491
2JIE,A,N,407,C,-0.143,-0.23381951,-0.5948798,1.0919479
2JIE,A,Q,22,S,0.209,0.16099119,-0.36476058,-0.5383537
2JIE,A,R,243,A,0.166,0.1698237,0.24965787,-0.766559
2JIE,A,R,243,D,-0.213,-1.3971553,-2.1597457,-1.8128631
2JIE,A,R,243,K,1.463,-0.022601664,-0.5930499,0.05401609
2JIE,A,S,17,A,1.246,-0.70585346,-0.5438094,-0.97357047
2JIE,A,S,19,A,-0.951,1.5326599,1.4819522,1.2132597
2JIE,A,S,334,A,1.454,-0.1648078,-0.39210057,-0.3212121
2JIE,A,S,403,A,-0.92,0.20470977,0.065897584,0.0039105415
2JIE,A,T,18,A,0.994,-1.4989017,-1.4945444,-2.1028352
2JIE,A,T,221,A,-3.189,-1.1574794,-1.0481656,-1.5349915
2JIE,A,T,355,A,2.9610000000000003,-4.008374,-3.6028128,-4.745515
2JIE,A,W,123,F,-2.19,-0.3804304,-1.4818902,-0.99002314
2JIE,A,W,123,H,-1.06,2.312733,0.37263465,0.99882853
2JIE,A,W,328,A,1.159,-1.496457,-1.5993748,-3.8079772
2JIE,A,W,328,C,2.664,-2.5611227,-2.629601,-2.64918
2JIE,A,W,328,H,2.573,-1.1740123,-1.3376812,-2.1767461
2JIE,A,W,328,R,0.95,-0.023309827,-0.39151543,-1.9348644
2JIE,A,W,402,C,0.36,-4.5966864,-5.8932033,-4.628514
2JIE,A,W,402,R,-2.615,-1.9244978,-4.4449744,-3.7987945
2JIE,A,W,412,Y,-0.599,0.16894817,0.43976688,-0.82234794
2JIE,A,Y,21,A,3.443,-2.783569,-2.260521,-4.262046
2JIE,A,Y,297,A,-1.072,-4.301335,-4.9257,-5.7157884
2JIE,A,Y,297,F,1.853,-1.3500073,-1.7781038,-0.87911844
2JUC,A,C,57,D,2.54,0.86693764,-0.06582683,-1.082685
2JUC,A,C,57,S,0.71,1.3253597,1.1064646,-0.8951329
2JUC,A,R,18,A,1.75,-1.2802793,-0.4088278,-2.1537714
2KJ3,A,D,288,A,-1.2,-0.01071021,0.20488104,-1.2067418
2KJ3,A,E,272,A,-1.9,0.75817317,-0.13632017,0.5859267
2KJ3,A,G,278,A,0.8,-5.56215,-5.574263,-4.9357204
2KJ3,A,K,229,A,-1.5,-1.5485445,-0.91863084,-2.531518
2KJ3,A,L,241,A,-1.0,-3.31844,-3.4376805,-3.967834
2KJ3,A,S,273,A,-1.4,0.522835,0.74909604,0.25378746
2KJ3,A,V,239,A,-1.0,-1.6771842,-2.8540196,-1.7983296
2KJ3,A,V,264,A,-1.0,-2.0883405,-2.2467194,-2.5098474
2KJ3,A,V,267,A,-0.2,-3.589711,-3.9235134,-3.7751026
2KS4,A,D,9,A,-1.26,-1.856137,-0.6527859,-2.8718872
2KS4,A,E,2,A,0.23,-0.6055338,-0.6864815,-0.7847373
2LTB,A,L,558,P,1.57,-4.3483276,-4.5382133,-4.935
2LTB,A,L,569,R,3.11,-5.327601,-5.040635,-5.835012
2LTB,A,M,619,K,3.34,0.41893148,1.1102053,-0.93613136
2LTB,A,R,533,Q,1.1,0.98320764,1.4984132,1.2145829
2LTB,A,R,555,Q,0.36,-2.2006543,-1.9912866,-2.1669934
2LTB,A,R,555,W,-1.79,-4.325478,-3.4048376,-2.7044952
2M5S,A,D,302,A,4.0,-2.9140134,-3.3245106,-3.3021045
2M5S,A,H,305,A,2.0,1.4935713,0.5824653,0.16893613
2MPC,A,A,89,T,0.24,-3.8433247,-3.44802,-2.8420365
2MPC,A,R,42,A,-0.62,-0.29677504,0.47829276,-1.1537707
2MPC,A,R,42,W,-2.08,-2.6973796,-2.2905638,-1.0823373
2N7Z,A,P,88,A,0.6,-5.2582483,-5.0685387,-7.3859963
2NTE,A,I,738,V,2.0,-1.9364312,-0.98352504,-2.39012
2NTE,A,R,658,C,2.3,-4.009231,-4.272085,-2.4771495
2OUO,A,A,420,D,-0.44,-0.30504453,-0.75584674,0.19238263
2PR5,A,A,33,Y,-0.5,-2.9170294,-2.4854002,-1.4425452
2PR5,A,A,81,M,0.4,-5.622952,-5.4745407,-3.4465346
2PR5,A,D,109,E,-0.3,0.8396152,1.3123355,-0.2738788
2PR5,A,H,22,K,-0.3,0.42206526,0.4924087,-0.14195222
2PR5,A,H,22,W,-1.2,-1.3278346,-1.3375862,-0.23737717
2PR5,A,M,111,F,-2.9,-1.3963648,-1.4353311,-1.600672
2PR5,A,N,107,F,-0.9,-1.4109155,-0.97924125,-1.0377368
2PR5,A,N,107,Y,-0.8,-1.2312899,-0.69106305,-1.3230174
2PR5,A,N,124,F,-1.1,-1.9231163,-2.059728,-1.4415914
2PR5,A,N,124,Y,-2.6,-1.2728039,-1.3864005,-1.2612813
2PR5,A,T,30,M,-0.5,-1.7045966,-1.6665958,-0.09712291
2PR5,A,T,50,M,0.5,-4.7099667,-4.9913263,-3.365629
2PR5,A,T,54,Y,-0.2,-2.7040787,-2.2304862,-2.2341275
2PR5,A,V,120,I,-1.4,-0.36513948,-0.4612791,0.16505611
2PR5,A,V,25,I,-0.4,-0.49774724,-0.6307019,-0.043880373
2PR5,A,V,88,L,0.2,-5.2341566,-5.030164,-4.707102
2PR5,A,V,90,I,0.7,-2.371717,-1.0470028,-1.9121637
2PTL,A,A,22,G,2.43,-1.7741622,-1.9693036,-1.4945245
2PTL,A,A,27,P,-0.1,-3.3639655,-3.0486574,-2.6854963
2PTL,A,A,27,V,0.83,-2.746382,-1.9485193,-0.97024965
2PTL,A,A,34,G,2.17,-1.5554644,0.81128824,-0.9443573
2PTL,A,A,34,V,-1.47,-0.33702928,-0.038739085,0.71133155
2PTL,A,A,43,G,2.54,-0.79808617,-1.594122,-1.4866002
2PTL,A,A,47,G,3.1,-2.990765,-0.36067972,-3.8863661
2PTL,A,A,49,G,1.32,-2.3167791,-2.9589689,-3.029252
2PTL,A,A,51,G,3.12,-0.5308881,-1.5868621,-1.1413041
2PTL,A,A,66,G,0.49,-1.8987685,-1.1172328,-1.340613
2PTL,A,D,52,A,1.21,-0.42551112,0.5147253,-0.9410957
2PTL,A,D,52,G,2.14,-1.8390816,-1.6845845,-3.2191925
2PTL,A,D,64,A,0.2,-1.2154102,-0.43757784,-2.298617
2PTL,A,E,35,A,0.59,-2.3291388,-1.0130514,-2.479723
2PTL,A,E,46,G,1.19,-2.6023717,-2.325632,-3.5144377
2PTL,A,E,46,I,1.08,-0.3111617,-0.19236779,1.5590656
2PTL,A,E,60,A,0.23,0.5933431,0.3319257,0.16685724
2PTL,A,F,26,A,3.12,-3.2585588,-2.9436405,-5.2322426
2PTL,A,F,26,L,0.68,-2.3061821,-1.8009537,-3.0147676
2PTL,A,F,36,A,4.15,-1.4594843,-1.5924213,-3.1640418
2PTL,A,F,36,L,3.12,-0.33174133,-0.34928322,-1.1069652
2PTL,A,F,40,G,3.08,3.2878647,3.2228234,0.24023986
2PTL,A,F,40,L,0.38,0.8903817,0.65401846,0.3777302
2PTL,A,F,76,L,3.34,-2.6499264,-2.089024,-3.6302333
2PTL,A,F,76,V,3.73,-2.9940925,-3.753016,-4.429902
2PTL,A,G,29,A,1.52,-5.241893,-5.268987,-4.840571
2PTL,A,G,29,V,2.53,-5.3635497,-5.370036,-3.3524117
2PTL,A,G,38,A,2.08,-4.115621,-4.108553,-2.9835978
2PTL,A,G,59,A,2.23,-3.7800333,-4.1006937,-3.4488633
2PTL,A,G,69,A,2.04,-5.0183086,-5.1314006,-4.6757364
2PTL,A,I,20,A,4.9,-0.36758536,1.4105511,-2.0204835
2PTL,A,I,20,V,0.56,2.1784415,2.224856,1.7784946
2PTL,A,I,25,A,1.37,-1.059491,-0.8642487,-2.0409575
2PTL,A,I,25,V,0.47,-0.062938154,-0.0034644902,-0.5567901
2PTL,A,I,74,A,4.72,-0.49934876,2.1688366,-1.4833043
2PTL,A,I,74,V,1.69,-0.7610493,0.111934245,-1.1945949
2PTL,A,K,21,A,0.92,-2.3509002,-1.4170128,-3.1036024
2PTL,A,K,37,A,0.88,-0.7313342,-0.361692,-1.8871968
2PTL,A,K,42,G,-0.16,-0.57136714,-0.6269778,-2.170384
2PTL,A,K,55,A,-0.58,-0.18948022,0.594345,-0.87774885
2PTL,A,K,56,A,-0.35,0.01885271,-0.52623653,-0.76183516
2PTL,A,K,68,A,0.09,-0.42678452,0.36913085,-1.2749622
2PTL,A,K,75,A,0.45,-1.257231,-1.0977886,-1.9581676
2PTL,A,L,24,A,3.12,1.6030223,-2.1428342,0.5894096
2PTL,A,L,54,A,2.44,-0.65380764,-0.035372257,-1.9320033
2PTL,A,L,72,A,3.77,-2.9597716,-3.7425227,-3.8211637
2PTL,A,N,23,A,1.87,-0.8006234,-0.22251129,-2.1412659
2PTL,A,N,28,A,1.78,-3.659956,-1.7655084,-4.243458
2PTL,A,N,58,A,0.34,-0.86062276,-0.54725873,-1.4269379
2PTL,A,N,73,A,1.73,-1.1542611,-0.33740234,-2.1764672
2PTL,A,S,30,A,0.3,-0.5977585,-0.49460563,-0.72939676
2PTL,A,S,45,A,-0.41,1.8250837,1.8133667,1.5628672
2PTL,A,S,45,G,0.82,-0.80157214,-1.020462,-2.0108037
2PTL,A,T,19,A,1.63,-1.82854,-1.4257526,-2.2909033
2PTL,A,T,31,A,1.17,-0.48694348,-0.6194663,-1.0758482
2PTL,A,T,33,A,1.11,-1.7031685,-1.5658314,-2.3616986
2PTL,A,T,39,A,1.25,-0.72286975,-0.56077003,-1.5431439
2PTL,A,T,44,A,1.09,0.4242968,1.1520876,-0.64958614
2PTL,A,T,53,G,0.17,-1.3904141,-1.5207775,-2.960271
2PTL,A,T,62,A,0.97,-2.1643877,-1.9685729,-2.6440682
2PTL,A,T,71,A,1.83,-1.5587509,-1.5544468,-2.0577617
2PTL,A,V,18,A,1.22,-0.8306335,-0.64013195,-1.3209021
2PTL,A,V,63,A,0.92,0.11604047,0.11461127,-0.3981766
2PTL,A,V,65,A,1.14,0.544623,0.9392297,-0.13662606
2PTL,A,Y,48,A,2.82,-0.39667115,-0.29828614,-1.9160054
2PTL,A,Y,50,A,2.46,-1.8247597,-0.77088165,-3.4087195
2PTL,A,Y,70,A,1.66,-1.0194013,-0.8225237,-2.5596793
2PTL,A,Y,70,L,-0.43,-0.028428644,0.034061193,-0.14175177
2RPN,A,E,7,L,-1.05,1.9114625,2.1261735,3.0482116
2RPN,A,V,21,K,-0.39,1.9463718,1.3857735,2.4926128
2VY0,A,D,287,A,5.975,-0.43466538,0.37683856,-0.91959196
2VY0,A,E,53,A,6.597,-1.3648314,-1.4775681,-1.5327766
2WQG,A,D,15,A,-0.3,0.30673033,1.3226473,-0.2135346
2WQG,A,D,38,A,-0.1,0.7578542,0.32908076,0.26184797
2WQG,A,D,39,A,2.2,-0.16732503,1.1337739,-0.59792286
2WQG,A,D,39,N,2.6,-0.8966129,-0.29129332,-0.73549664
2WQG,A,E,40,Q,0.1,-0.56437254,-0.6595294,0.10401559
2WQG,A,E,41,G,0.4,-1.7430313,-1.7016344,-2.5840173
2WQG,A,I,36,A,0.9,0.5865505,2.9514468,-1.5359471
2WQG,A,I,36,V,0.3,-0.23722696,0.18093061,-0.5356303
2WQG,A,K,14,A,0.4,0.74166906,0.88820493,-0.20036465
2WQG,A,K,14,G,1.9,0.41074336,-0.43935668,-1.365065
2WQG,A,K,19,A,0.3,-0.26350188,-0.018299341,-1.2302382
2WQG,A,K,28,A,0.6,-0.87085915,-1.2054325,-1.8473815
2WQG,A,L,13,A,0.5,0.5484755,-0.49159217,-0.8222159
2WQG,A,L,16,A,1.3,-0.51759195,-0.67229956,-1.9131209
2WQG,A,L,8,A,2.0,-0.63587713,0.029224336,-2.1014557
2WQG,A,Q,12,A,0.6,-0.52772295,-0.3892539,-1.4271805
2WQG,A,Q,12,G,2.0,-1.7153661,-1.7207156,-3.5057259
2WQG,A,Q,33,A,-0.1,0.2118702,0.24794775,-0.69774723
2WQG,A,R,34,A,0.8,0.102145165,0.5909929,-0.78779733
2WQG,A,S,23,A,0.6,-0.573001,-0.48532134,-0.7768165
2WQG,A,S,6,A,-0.1,-0.3956284,-0.30721527,-0.55011845
2WQG,A,S,6,G,0.2,-1.0995214,-1.5391328,-2.0048985
2WQG,A,T,9,S,-0.1,0.10246992,0.10975957,-0.10000026
2WQG,A,V,10,A,0.1,-0.07769483,-0.9514605,-1.8634863
2WQG,A,V,10,G,0.7,-1.0986352,-2.3161995,-3.721608
2WQG,A,V,11,A,-0.4,1.1422809,1.3910056,-0.67573607
2WQG,A,V,11,G,-0.1,0.41594633,0.17456678,-2.3331413
2WQG,A,V,24,A,0.5,0.9794922,1.0701227,-0.62153363
2WQG,A,Y,5,F,2.4,-1.1552794,-2.1886897,-0.7445102
2ZTA,A,E,11,Q,0.74,-0.50355625,-1.1107879,0.13493103
2ZTA,A,E,20,Q,-0.2,0.24945831,-0.2880124,0.9307993
2ZTA,A,E,22,Q,1.83,-1.1002452,-0.3634869,-0.44283402
2ZTA,A,K,15,A,0.41,-0.5899281,-0.44440043,-1.580178
2ZTA,A,K,27,A,0.91,0.7991076,0.8696592,-0.16918808
2ZTA,A,K,28,A,0.06,-0.1832099,-0.20380557,-1.1853118
2ZTA,A,K,8,A,0.39,-0.44517064,0.025500536,-1.4150298
2ZTA,A,R,25,A,1.66,-0.7229827,-0.6073621,-1.6512123
3BCI,A,E,96,Q,-1.369,-0.2742796,-1.3699288,0.37026405
3BCI,A,T,153,V,1.137,2.2873592,2.35365,2.2198734
3BN0,A,I,20,V,1.506,-4.355585,-4.2911277,-4.8865366
3C2I,A,D,156,E,-0.88,-2.2636852,-1.7607219,-3.277792
3C2I,A,F,155,S,-0.43,-5.3797855,-5.2990026,-6.854281
3C2I,A,L,100,V,-1.11,-4.972167,-5.149247,-5.505059
3C2I,A,P,152,R,-1.46,-5.9349403,-3.8288283,-5.7015944
3C2I,A,R,106,Q,-0.12,-4.4960475,-2.9109006,-4.210463
3C2I,A,R,106,W,-0.04,-5.566457,-4.4845314,-3.6167455
3C2I,A,R,111,G,0.43,-5.069577,-5.1226754,-4.46132
3C2I,A,R,133,C,-0.37,-3.2501287,-2.5616999,-1.6523023
3C2I,A,R,133,H,-0.24,-0.8570957,-0.2797305,-0.5664889
3C2I,A,S,134,C,-1.05,-4.9980316,-4.8924265,-2.8218665
3C2I,A,T,158,A,-0.47,-2.5982542,-2.7387502,-3.0018685
3C2I,A,T,158,M,-0.25,-3.922531,-4.000363,-2.278442
3D2A,A,M,134,E,-3.02,1.6085397,1.7447758,-0.3613435
3D2A,A,M,137,P,-3.34,4.8900003,5.0613647,5.6065674
3D2A,A,S,163,P,-2.11,1.6072525,1.5954682,2.141117
3D3B,A,D,118,A,0.65,-1.551696,-1.1544956,-1.9597352
3D3B,A,D,118,E,0.6,-0.8849853,-0.74269116,-1.1210014
3D3B,A,D,118,K,1.6,-0.5436473,0.08135533,-0.1154429
3D3B,A,D,118,N,1.34,0.7440833,0.96300983,0.8640498
3D3B,A,D,118,R,1.41,-1.1019499,-0.3532496,-0.7670657
3DV0,I,A,131,G,1.7,-5.3702283,-5.1992874,-4.178646
3DV0,I,A,139,G,2.3,-5.206108,-5.2682285,-6.168091
3DV0,I,A,165,G,0.9,-2.7535794,-2.7559247,-3.2975297
3DV0,I,A,168,G,0.3,-3.09206,-3.0459623,-4.036102
3DV0,I,D,145,A,2.1,-4.5582614,-4.623164,-5.633025
3DV0,I,D,145,N,0.9,-1.5132008,-1.6953723,-1.372437
3DV0,I,D,162,N,2.0,-4.80219,-4.851997,-4.6416984
3DV0,I,D,164,A,2.3,-2.496783,-0.72411275,-2.928477
3DV0,I,D,164,G,3.7,-4.6185436,-2.582062,-5.7184157
3DV0,I,D,164,N,1.9,-2.7298357,-1.1269875,-2.5583217
3DV0,I,E,141,A,0.7,-1.0111309,-0.5534756,-1.3599772
3DV0,I,E,141,Q,0.4,-1.2780004,-0.91146445,-0.68992126
3DV0,I,I,130,A,0.7,-1.4049256,-1.5318794,-2.112604
3DV0,I,I,130,G,1.4,-2.699129,-2.8329759,-2.2459612
3DV0,I,I,130,V,0.2,0.64736277,0.58407706,0.12962449
3DV0,I,I,146,A,2.7,-4.8213625,-4.544989,-6.8650055
3DV0,I,I,146,V,1.2,-3.2764463,-2.4879239,-3.5897582
3DV0,I,I,163,V,0.5,3.197195,2.7510927,2.9047067
3DV0,I,L,159,A,2.0,-2.6559172,-2.690724,-3.6885026
3DV0,I,L,159,G,1.9,-2.7009416,-2.7522984,-2.846573
3DV0,I,L,159,V,0.6,-1.494387,-1.5034589,-1.9084098
3DV0,I,L,167,A,1.2,-3.6661243,-2.7120392,-5.0698943
3DV0,I,L,167,V,0.2,-0.5899446,-0.47787762,-0.16145417
3DV0,I,V,129,A,0.7,-3.4734647,-3.468177,-4.0070734
3DV0,I,V,129,G,1.0,-5.0461216,-5.0266743,-4.7179904
3DV0,I,V,135,A,1.5,-4.638213,-5.323235,-6.4920344
3DV0,I,V,144,A,2.0,-3.569862,-3.604566,-4.109996
3DV0,I,V,149,A,2.8,-5.4505343,-5.4698935,-5.727714
3DV0,I,V,149,G,4.1,-5.569434,-5.573819,-4.646133
3DV0,I,V,158,A,3.2,-5.594356,-5.1723747,-5.7814574
3DV0,I,Y,138,F,2.0,-3.1090748,-2.817812,-2.7057195
3ECU,A,H,46,R,-0.8,-6.042796,-5.8331513,-6.824216
3FIS,A,P,61,A,0.5,-5.176449,-5.2631917,-5.7747517
3G1G,A,D,155,Y,-0.34,-2.7000718,-2.7190588,-1.6535904
3G1G,A,F,167,Y,0.74,-1.7249196,-1.6275346,-2.1208916
3G1G,A,I,190,V,0.17,-3.7817092,-3.4828072,-4.085037
3G1G,A,R,185,W,-1.32,-1.6167421,-0.8925102,-0.013687968
3K82,A,E,334,L,3.35,-2.1863303,-1.8687258,-1.4735305
3K82,A,E,334,Q,1.68,2.0124516,0.3435061,2.5941868
3K82,A,E,401,R,-5.49,-0.1430167,-0.03765461,0.43525946
3L15,B,Y,442,H,3.23,-2.7763815,-2.9623094,-2.8189085
3MON,B,R,39,G,-1.194,0.48092926,0.5773058,0.7431364
3MON,B,W,3,C,2.866,-0.95966417,-0.6695227,-1.1698472
3O39,A,F,115,I,1.81,-2.0580478,-0.6262203,-1.8403047
3O39,A,F,115,L,1.64,1.2677714,0.3465104,0.72066885
3O39,A,H,96,L,0.58,1.374444,1.445806,1.7443357
3O39,A,L,32,P,3.25,-1.2785147,-1.4564526,-2.1553483
3O39,A,Q,100,L,2.0,1.8327754,1.5762045,2.3190596
3O39,A,Q,49,L,0.05,3.1095147,3.84689,3.6134923
3S4M,A,D,122,Y,1.3,-4.9757743,-4.83465,-3.931107
3S4M,A,G,130,V,2.5,-5.419175,-5.466754,-3.1260352
3S4M,A,I,154,F,-0.096,-4.951933,-5.2939105,-3.9932718
3S4M,A,W,155,R,0.693,0.8578687,1.8650699,-1.0479345
3S92,A,H,395,R,-2.03,-4.5611925,-4.88409,-5.5216823
4BJX,A,A,89,V,-0.99,-1.6536789,-1.7478967,0.079520464
4BUQ,A,Y,137,A,-0.89,0.1005069,-0.052907705,-1.3696681
4BUQ,A,Y,48,A,1.435,1.186275,1.1518464,-0.17143393
4HE7,A,A,19,D,0.24,-0.08981973,0.062950015,1.0372629
4HE7,A,A,19,G,-0.06,-1.1230035,-1.0066968,-0.24078077
4HE7,A,A,19,K,0.46,0.46652198,0.7524295,1.2875156
4N6V,0,H,75,W,-0.574,1.408232,1.4173522,2.821931
4N6V,0,P,36,G,1.362,-3.931637,-4.019281,-5.4163284
4N6V,0,P,79,S,-1.745,-2.5229263,-1.9116788,-4.6823635
4WAA,A,K,65,A,-0.1,-2.7334895,-3.0296764,-3.4586446
4WAA,A,K,67,A,2.07,-0.332469,-0.8125573,-1.0389302
4WAA,A,R,27,A,0.44,-1.6634916,-1.7023075,-2.108294
4YEE,A,V,134,T,0.71,-1.6312426,-2.0808053,-1.6047118
4YEF,A,T,134,V,0.93,-0.45543516,-0.62866414,-0.674459
5JXB,A,D,329,G,1.44,-0.43965685,0.21939647,-2.0316844
5JXB,A,D,329,P,1.44,-3.2955866,-3.0228167,-2.9007325
5OAQ,A,Y,429,H,2.99,-3.7415931,-2.9862473,-3.8128517
5VP3,A,R,39,K,-0.413,-1.0161295,-0.76697004,-0.9236254
5VP3,A,S,128,G,0.378,-2.2184553,-1.9555731,-3.3893902
5VP3,A,V,183,T,-0.354,-1.5213935,-2.0932708,-2.3239589
