pdb_id,chain,pre,pos,post,ddG_experimental,RaSP
1A0F,A,S,11,A,1.8,-0.5004461905133101
1A7V,A,A,104,H,2.69,0.0236562812107943
1A7V,A,A,66,H,1.98,-0.6786185864150973
1A7V,A,A,91,H,1.7,-0.0171653499872748
1A7V,A,D,3,H,1.36,0.1328549421561914
1A7V,A,D,58,H,2.05,0.9006701949242979
1A7V,A,E,73,H,3.01,0.0807404550528051
1A7V,A,K,13,H,0.6,-0.0519969054375835
1A7V,A,K,20,H,2.88,0.0479925724019586
1A7V,A,K,31,H,1.36,0.0031328058561996
1A7V,A,K,39,H,1.86,0.0857565848778663
1A7V,A,K,49,H,2.02,0.3301898584645424
1A7V,A,K,84,H,2.88,0.0954266461621855
1A7V,A,K,97,H,1.97,-0.2797836242833318
1BA3,A,H,461,D,1.745,2.3676990107427773
1BA3,A,H,489,D,-0.287,-0.1938400538423013
1BA3,A,H,489,K,0.287,-0.0433086465791415
1BA3,A,H,489,M,0.263,-0.0391810019505456
1BFM,A,M,35,W,0.7,-0.4949741417090725
1BFM,A,M,35,Y,0.4,0.1643370936771043
1BNL,A,D,76,A,0.821,0.7723775917773507
1D5G,A,H,71,Y,0.04,0.4632638181789023
1D5G,A,I,20,F,-0.91,1.5148105075030598
1DIV,A,D,23,A,0.46,0.7042681437900183
1DIV,A,D,23,N,0.58,0.8158318839335965
1DIV,A,D,8,N,0.3,0.1338926885852998
1DIV,A,E,100,A,0.98,0.1889094655973672
1DIV,A,E,100,G,1.52,0.7330288811375402
1DIV,A,E,17,Q,0.21,0.3236625136097881
1DIV,A,E,38,Q,0.56,0.4411294197447635
1DIV,A,E,48,Q,-0.03,0.1876133943916313
1DIV,A,E,54,Q,-0.33,0.2992997801710328
1DIV,A,H,106,Q,1.53,1.509242991443851
1DIV,A,H,134,Q,0.34,1.5423394208958865
1DIV,A,H,144,Q,0.56,0.8420386105075334
1DIV,A,I,115,A,3.52,3.6553744859110857
1DIV,A,I,121,A,2.88,3.2224541051716216
1DIV,A,I,4,A,2.22,2.901987279012364
1DIV,A,I,4,V,0.59,0.6268336370620428
1DIV,A,I,79,A,3.49,3.5023776750228857
1DIV,A,I,93,A,3.19,2.8410730012464502
1DIV,A,I,98,A,4.28,4.27435090593286
1DIV,A,K,10,M,-0.05,0.0922564652051105
1DIV,A,K,14,M,-0.01,-0.4992275982111649
1DIV,A,K,15,M,0.31,0.18517271822442
1DIV,A,K,7,M,-0.35,-0.1769511947159752
1DIV,A,K,96,A,-0.61,0.1448685215776735
1DIV,A,K,96,G,0.2,0.9027826205897924
1DIV,A,L,102,A,2.37,3.650663757075426
1DIV,A,L,108,A,2.33,3.238808021067044
1DIV,A,L,110,A,3.21,3.1757671897583077
1DIV,A,L,117,A,0.82,3.240610429572418
1DIV,A,L,133,A,2.94,3.479206226516768
1DIV,A,L,141,A,3.56,3.835970141477652
1DIV,A,L,30,A,2.76,2.499102504676341
1DIV,A,L,30,V,3.62,1.9305459173363488
1DIV,A,L,6,A,3.1,2.154098793922092
1DIV,A,L,6,I,0.13,0.7494865016381954
1DIV,A,L,6,V,0.41,1.0281848317310882
1DIV,A,L,72,A,3.77,4.261840978923709
1DIV,A,M,1,A,1.46,1.609793550900034
1DIV,A,M,1,G,2.36,2.3808292908986446
1DIV,A,V,129,A,1.81,3.3622011614473517
1DIV,A,V,131,A,1.93,2.9666364009662507
1DIV,A,V,137,A,2.41,2.1361267567095923
1DIV,A,V,143,A,3.25,3.8020318638714055
1DIV,A,V,145,A,1.92,2.847624533162155
1DIV,A,V,21,A,2.33,1.6512121291364392
1DIV,A,V,21,I,0.4,0.133084417951711
1DIV,A,V,21,L,1.23,0.2254400373616921
1DIV,A,V,3,A,2.55,2.119816376067284
1DIV,A,V,3,I,0.31,1.4800295800579903
1DIV,A,V,3,L,2.21,1.9562752957127785
1DXX,A,K,18,N,3.7,1.168845422126487
1EKG,A,L,198,C,1.0,3.3865809840775767
1EKG,A,L,200,C,2.0,3.741576677164048
1EKG,A,L,203,C,-1.0,2.3643389968479944
1EKG,A,S,181,F,2.6,0.3194213623575709
1F8I,A,F,345,A,0.455,3.596488491823369
1FH5,H,S,18,N,-0.6,-0.1128726161469595
1FRD,A,H,42,R,-4.0,0.2260721761617423
1FT8,A,I,264,V,0.64,1.584352430486401
1FT8,A,L,212,V,1.38,2.111755579409936
1FT8,A,L,238,I,0.35,1.0344462565164296
1FT8,A,L,267,I,0.11,1.4984717457025605
1FT8,A,L,293,I,0.8,1.3615671790140809
1FT8,A,L,293,V,1.41,1.9175638856092752
1FT8,A,L,315,A,1.65,3.2411295969239355
1FT8,A,L,317,I,0.85,1.6203923585539686
1FT8,A,L,348,I,0.53,1.725129468938729
1FT8,A,L,349,I,-0.05,0.3302837895447746
1FT8,A,M,216,L,-0.27,-0.4753376784423263
1FT8,A,S,339,A,-0.32,-0.322122827255269
1FT8,A,V,287,A,0.16,1.4444569485238714
1FXA,A,E,94,D,1.1,0.5123360155434648
1FXA,A,E,94,K,0.4,0.3266070577404478
1FXA,A,E,94,Q,-0.6,0.1715182328437658
1FXA,A,E,95,K,-1.0,-0.0692949558635219
1FXA,A,F,65,A,1.0,2.2973330681125645
1FXA,A,F,65,I,0.9,1.9440888285654576
1FXA,A,F,65,W,0.6,0.363211712133949
1FXA,A,F,65,Y,0.5,0.712975872804294
1FXA,A,R,42,A,2.4,1.0222757703883951
1FXA,A,R,42,H,1.4,0.6310915033377829
1FXA,A,T,48,A,-0.1,0.0211214100488676
1G3P,A,A,147,K,0.287,-0.2676175677327641
1G3P,A,D,160,A,0.263,0.6707519579978893
1G3P,A,D,160,C,0.096,1.2042988883813646
1G3P,A,D,160,E,0.359,0.3233364565417002
1G3P,A,D,160,F,0.359,0.5377871597501285
1G3P,A,D,160,G,0.669,0.8000823896995563
1G3P,A,D,160,H,-0.048,0.1088675632584429
1G3P,A,D,160,I,0.932,0.8852814595133115
1G3P,A,D,160,K,0.335,0.3243024184821935
1G3P,A,D,160,L,0.55,0.180607108396627
1G3P,A,D,160,M,0.502,0.5263868630487142
1G3P,A,D,160,N,-0.072,-0.0215992333423709
1G3P,A,D,160,P,0.645,2.158558746553593
1G3P,A,D,160,Q,0.478,0.4882107007350283
1G3P,A,D,160,R,0.669,0.2939429467441928
1G3P,A,D,160,S,0.287,0.4491879389170278
1G3P,A,D,160,T,0.741,0.5597628484061697
1G3P,A,D,160,V,1.123,0.8995820529788967
1G3P,A,D,160,W,0.1669999999999999,0.222083796636372
1G3P,A,D,160,Y,0.072,0.5475133819564112
1G3P,A,F,136,V,3.705,2.832388587668481
1G3P,A,N,138,G,-0.765,1.0299991764148524
1G3P,A,N,139,K,0.43,3.8443178273068135
1G3P,A,N,139,V,2.032,1.0547135855639305
1G3P,A,Q,137,N,1.793,1.476173971347425
1G3P,A,Q,145,N,-0.263,-0.5161571162768674
1G3P,A,R,144,V,-0.765,0.1467798731879804
1GLU,A,C,500,A,1.22,1.3901471028384238
1GUA,B,A,118,G,1.963,2.5427456602306124
1GUA,B,A,118,L,1.951,2.3226209035804377
1GUA,B,A,85,G,2.149,1.590635956281841
1GUA,B,A,97,G,0.863,0.7604515855839539
1GUA,B,C,81,A,-0.283,0.4051247577362321
1GUA,B,C,81,I,0.912,-0.4415344925604986
1GUA,B,C,95,A,0.08,-0.1574483318183012
1GUA,B,C,96,A,1.759,1.8984059275573173
1GUA,B,C,96,L,0.043,-0.7626803804850535
1GUA,B,C,96,M,0.337,0.0251563837367629
1GUA,B,D,117,A,0.706,1.0107569076226688
1GUA,B,D,129,A,0.855,0.3400135442139301
1GUA,B,D,80,A,0.493,0.0706978641199312
1GUA,B,E,104,A,-0.021,0.7827760990409405
1GUA,B,E,124,A,0.101,0.4552949932134054
1GUA,B,E,125,A,0.591,0.7641962847412156
1GUA,B,I,58,A,3.274,3.1864963889891005
1GUA,B,I,58,F,1.2990000000000002,2.519574126240387
1GUA,B,I,58,L,0.7709999999999999,0.9963274256007416
1GUA,B,K,109,A,0.327,0.3934633257103109
1GUA,B,L,112,A,2.593,2.6822081328326086
1GUA,B,L,121,A,2.5340000000000003,3.3540766327668283
1GUA,B,L,126,A,3.405,3.786908995952434
1GUA,B,L,62,A,3.46,3.98188966418874
1GUA,B,L,78,A,3.803,3.668655051537264
1GUA,B,L,82,A,3.529,3.4990543919964194
1GUA,B,L,82,I,1.6,1.2748211336658348
1GUA,B,L,82,V,1.7,1.752875886462645
1GUA,B,L,86,A,3.2260000000000004,3.757242398327604
1GUA,B,L,91,A,1.575,2.723338710620689
1GUA,B,M,76,A,0.961,0.7954299941961864
1GUA,B,N,56,M,-0.271,0.3414036218552602
1GUA,B,N,64,A,1.14,1.2152542780178743
1GUA,B,P,63,A,1.7080000000000002,0.1040729277358953
1GUA,B,P,93,A,0.0819999999999999,-0.3363444102129598
1GUA,B,Q,66,A,0.504,-0.2100702655647657
1GUA,B,R,100,A,0.693,1.3255422699634218
1GUA,B,R,59,A,-0.178,1.5553406281473716
1GUA,B,R,89,L,-1.078,0.5077770167542991
1GUA,B,S,77,A,1.5730000000000002,0.3456601770482997
1GUA,B,S,77,T,-0.581,0.1479597747162625
1GUA,B,T,68,A,0.109,0.85794766840394
1GUA,B,V,128,A,3.3680000000000003,2.6946424419401165
1GUA,B,V,60,A,2.251,3.310535335463705
1GUA,B,V,69,A,1.116,1.6088989645208185
1GUA,B,V,70,A,1.77,1.677438434224849
1GUA,B,V,72,A,1.052,2.7057915430547457
1GUA,B,V,72,I,0.8640000000000001,-0.0309226612759444
1GUA,B,V,98,A,1.981,3.599286626439627
1GWY,A,A,8,D,1.6,-0.4114000127394324
1H0X,A,P,18,A,1.936,0.0518744961955525
1H0X,A,P,62,A,2.5810000000000004,-0.2137733149227799
1HCQ,A,C,67,A,2.09,1.2896685212839236
1HCQ,A,C,67,S,1.99,2.5237426488710044
1IOJ,A,G,15,A,-0.4,3.045280502269526
1IR3,A,W,1175,F,-0.6,0.936897484292204
1ITM,A,C,24,T,3.3,0.6631813063394287
1ITM,A,C,3,T,5.0,-0.035361324638421
1ITM,A,W,91,S,-1.4,3.0171530919630234
1IV7,B,A,173,C,-0.5,0.5296377405394898
1IV7,B,F,189,C,2.5,5.35911396400918
1IV7,B,L,162,C,1.9,3.463933371080382
1IV9,A,S,76,Y,-4.299,-0.6225448921786775
1J8I,A,K,25,A,-0.1,0.1335347859387647
1J8I,A,K,66,A,-0.1,0.1786037000729096
1J8I,A,R,23,A,-0.8,0.3691348414835599
1J8I,A,R,35,A,0.1,0.8265894572230575
1J8I,A,R,43,A,-0.7,0.5046190652876559
1J8I,A,R,9,A,0.1,0.2665948819420038
1JL9,A,A,25,C,1.44,0.792551878223996
1JLV,A,E,64,D,1.162,-0.0481672154092754
1JLV,A,E,64,N,2.3040000000000003,-0.0991748314859042
1JLV,A,E,64,Q,2.302,0.2054119947450422
1L6H,A,F,39,A,1.6969999999999998,2.3377549893476983
1L6H,A,Y,45,A,0.55,2.0135215247054647
1L6H,A,Y,48,A,1.482,1.1788452884939478
1LVM,A,E,106,G,-1.4,0.5703434735843451
1LVM,A,K,45,F,-0.43,-0.1126949084585149
1LVM,A,L,56,V,-0.0,0.1577357006506924
1LVM,A,Q,58,F,-0.6,-0.81916942927028
1LVM,A,S,135,G,-0.0,0.1522360339771356
1N18,A,E,100,G,2.5,1.6482487937863095
1N18,A,G,85,R,1.4,2.88574900984837
1N18,A,H,46,R,-1.4,2.2210891709004343
1N18,A,V,148,I,-0.1,-0.0834137678949548
1N88,A,F,21,A,1.39,3.231200587382444
1N88,A,I,39,A,1.39,2.4547519418295125
1N88,A,I,80,A,2.79,1.964548826555373
1N88,A,I,89,A,2.35,2.712101165786801
1N88,A,I,8,V,1.52,1.1437670086288834
1N88,A,L,13,A,1.52,2.005806726126068
1N88,A,L,57,A,1.11,1.1844296653109505
1N88,A,V,12,A,1.94,1.0511506458454585
1N88,A,V,30,A,2.84,2.0491262599138294
1N88,A,V,43,A,2.82,1.639898611620494
1N88,A,V,49,A,2.83,1.375463158151388
1N88,A,V,51,A,3.24,2.3828306997295745
1N88,A,V,54,A,3.73,2.1852195832456447
1N88,A,V,81,A,2.82,2.5972765585995603
1N88,A,V,83,A,3.1,1.330154664028729
1N88,A,Y,18,A,-0.06,2.8510921990304543
1N88,A,Y,26,A,4.61,4.191361040678464
1NM1,A,D,187,N,0.88,0.0724853848135842
1NM1,A,D,187,Y,1.9,-0.356535040143115
1O1U,A,E,110,A,3.3,0.5415028902553148
1O1U,A,N,61,A,1.2,1.2800165025256574
1O1U,A,Q,51,A,0.3,1.7678779774982978
1O1U,A,Q,99,A,-0.3,0.5546474552447328
1O1U,A,T,38,A,1.2,0.7557353392003815
1O1U,A,W,49,Y,1.2,1.9159199838321008
1O6X,A,A,31,G,1.2,0.8222252995186793
1O6X,A,A,50,G,1.4,2.5082992217411424
1O6X,A,D,38,A,-0.36,0.6970724126128908
1O6X,A,E,14,A,0.3,0.5295770611370382
1O6X,A,E,20,G,1.42,1.0367275723367335
1O6X,A,F,39,L,1.88,0.9327551195629672
1O6X,A,F,65,A,0.98,2.590600510239454
1O6X,A,H,51,A,0.61,1.554185938489722
1O6X,A,I,15,V,0.43,1.2191819486026827
1O6X,A,I,23,V,-0.42,0.8304274960163704
1O6X,A,I,71,V,1.31,0.5547562549967779
1O6X,A,I,75,A,1.31,1.5657387125060935
1O6X,A,K,41,A,1.98,0.3516221742271935
1O6X,A,L,26,V,0.97,2.524837904172617
1O6X,A,N,58,A,0.08,0.6103037907764005
1O6X,A,Q,60,G,0.49,0.6715236877891756
1O6X,A,V,12,A,1.1,2.123703576497669
1O6X,A,V,52,A,1.08,2.133847041276696
1O6X,A,V,64,G,1.1,0.8178780915027031
1O6X,A,Y,73,L,2.78,1.7620358202916542
1OSI,A,I,11,V,0.05,0.2204166236670901
1OSI,A,S,92,F,-0.39,-0.6405733731855084
1OSI,A,V,126,M,2.25,0.9899415500196804
1OSI,A,V,15,I,0.78,0.0164300602834066
1PFL,A,A,20,T,1.53,1.444335329681394
1PFL,A,G,117,V,1.96,0.7745862676294254
1PFL,A,M,113,T,3.53,1.5559379787913623
1PFL,A,Q,138,L,-1.82,-0.4801945765969895
1PFL,A,T,108,M,-0.07,0.6651332140477053
1PRE,A,C,159,S,2.4,0.2520860605499969
1PRG,A,E,460,K,0.17,0.141512693594662
1PRG,A,F,360,L,0.4,1.3227775750117012
1PRG,A,P,467,L,-0.11,-0.8789340188353539
1PRG,A,Q,286,P,0.3,5.895615924405787
1PRG,A,R,288,H,-0.06,0.3891979134098344
1PRG,A,R,357,A,-0.19,0.7355877155934804
1PRG,A,V,290,M,-0.03,0.5509488621114186
1R2Y,A,R,244,E,4.2,2.37536056915005
1R6R,A,I,88,N,0.13,0.7708950534417303
1R6R,A,L,50,S,2.81,2.994969068257449
1R6R,A,L,54,S,0.24,1.9398240778633304
1R6R,A,L,81,N,6.84,1.423318549806938
1SPD,A,C,111,S,-0.8,-0.0035692617690047
1SPD,A,C,6,A,-0.1,0.4986528083556935
1X0J,A,D,160,N,4.1,0.3415231220667353
1X0J,A,D,160,Y,4.02,0.2981640388884282
1X0J,A,D,161,N,2.21,-0.0991958014682375
1X0J,A,D,161,Y,3.38,-0.2270371893315803
1X0J,A,E,140,K,3.48,0.5187846263528919
1X0J,A,R,100,L,5.22,-0.4671370337943153
1X0J,A,Y,153,H,6.49,1.4593053361491597
1XWS,A,E,124,Q,2.9,0.5066882365893371
1XWS,A,E,135,K,4.59,0.2135087815532121
1XWS,A,E,142,D,3.22,0.4682521216405433
1XWS,A,Y,53,H,3.3,1.413804422591649
1XXN,A,N,181,R,-0.358,0.2386811427185492
1XXN,A,N,32,D,0.86,0.2623290128531103
1XXN,A,N,54,E,0.645,1.2587170325929655
1XXN,A,S,22,E,-0.239,-0.2600298184291322
1XXN,A,S,27,E,0.645,0.500978494841226
1XZO,A,F,42,W,-2.87,0.9118382656837736
1XZO,A,W,101,F,2.89,1.403702327115515
1XZO,A,W,36,A,8.93,4.055335508806539
1XZO,A,W,36,F,4.25,2.2738667316766783
2ARF,A,H,1069,Q,0.7170000000000001,0.9079508892252804
2BJD,A,V,84,D,4.493,4.518018634055822
2BJD,A,V,84,P,4.517,6.09427735737301
2BJD,A,Y,86,E,2.103,5.176719095339221
2C9Q,A,Y,79,F,0.012,-0.1396355627030621
2C9Q,A,Y,79,W,1.233,0.5575902950191058
2CLR,B,H,13,F,-0.12,-0.2163568663690496
2CLR,B,H,31,F,-2.605,-0.7663987568251568
2CLR,B,H,51,F,1.912,0.3173120199899837
2CLR,B,H,84,A,2.629,1.6328345180675
2DVV,A,Q,443,H,-0.89,0.0864856965425148
2DVV,A,R,419,W,0.02,0.1509015785720191
2H3F,A,E,12,A,-1.07,0.4099599775558132
2HBB,A,A,22,G,0.32,0.8343610892979053
2HBB,A,A,26,G,1.79,2.211719707900239
2HBB,A,A,36,G,1.55,2.3773165132355856
2HBB,A,A,39,G,1.59,1.8614357781426627
2HBB,A,A,42,G,0.33,0.6192477244250472
2HBB,A,A,46,G,0.55,0.6320465939009309
2HBB,A,A,49,G,0.22,0.6578991763179903
2HBB,A,D,23,A,0.03,1.178014197035398
2HBB,A,D,23,N,0.79,0.8384147079685969
2HBB,A,D,8,A,1.3,0.951135381352876
2HBB,A,D,8,N,0.38,0.6421756042037265
2HBB,A,E,17,A,1.69,0.7379845015299452
2HBB,A,E,17,Q,0.33,0.481408018525431
2HBB,A,E,38,A,0.41,0.4288479313109689
2HBB,A,E,38,Q,0.68,0.3881681687593635
2HBB,A,E,48,Q,-0.07,0.3127207814851218
2HBB,A,F,31,A,2.84,2.401948637536001
2HBB,A,F,5,L,1.15,2.6231610332573885
2HBB,A,G,24,A,-0.02,-0.3172163371675485
2HBB,A,G,34,A,1.02,1.175100372951845
2HBB,A,I,18,A,2.05,2.5032818776075527
2HBB,A,I,18,V,0.07,0.6416795373707709
2HBB,A,I,37,A,1.28,1.7526486295251902
2HBB,A,I,37,V,-0.09,0.9177385881519758
2HBB,A,I,4,V,0.59,0.6392048361966665
2HBB,A,K,10,E,-0.13,-0.1972760325826011
2HBB,A,K,10,M,-0.47,0.0417087537016219
2HBB,A,K,12,A,-0.61,0.6027870649181291
2HBB,A,K,12,G,-0.03,1.7421249250598498
2HBB,A,K,12,M,-1.8,0.0533896435085695
2HBB,A,K,14,A,0.73,0.2418961546649989
2HBB,A,K,14,G,1.3,0.9164497951799246
2HBB,A,K,14,M,0.34,-0.0707773014958712
2HBB,A,K,15,G,1.74,1.058056082707473
2HBB,A,K,15,M,0.44,-0.0122445764361672
2HBB,A,K,7,M,-0.21,-0.3683947619117234
2HBB,A,L,30,A,2.76,4.007760445461688
2HBB,A,L,35,A,1.21,2.290338159814524
2HBB,A,L,44,A,1.73,2.1553347881203404
2HBB,A,L,47,A,0.84,1.884402637654204
2HBB,A,L,6,A,3.1,2.809101504335384
2HBB,A,M,1,A,1.46,1.7291135266896336
2HBB,A,T,40,S,0.8,0.5198736289298319
2HBB,A,V,21,A,2.33,2.518780648196471
2HBB,A,V,3,A,2.55,3.2359023128783395
2HBB,A,V,9,A,1.81,2.7853636571323253
2JIE,A,C,170,A,-2.997,-0.3414756081645548
2JIE,A,C,170,Q,-2.5810000000000004,-0.136596210100674
2JIE,A,E,157,D,2.075,0.0359851251145781
2JIE,A,E,167,A,-4.247,0.1165503139695822
2JIE,A,E,225,A,4.36,0.9568386251358942
2JIE,A,E,225,H,1.515,0.5453777062040405
2JIE,A,E,409,A,-0.825,0.0455124856396044
2JIE,A,E,409,D,0.909,1.2083135780958203
2JIE,A,E,426,S,-0.87,0.2480186409955248
2JIE,A,F,418,A,0.165,3.972408108030066
2JIE,A,H,104,R,-1.536,0.0034297495774693
2JIE,A,I,247,E,-1.241,3.711929110792699
2JIE,A,I,247,N,-0.974,3.185433957978417
2JIE,A,L,174,A,0.79,1.772649547682095
2JIE,A,L,174,R,-0.336,0.8291230120288375
2JIE,A,M,224,A,4.098,2.4081154086451764
2JIE,A,M,326,A,1.298,2.2383659932602864
2JIE,A,N,166,A,3.397,0.3493291354666245
2JIE,A,N,166,C,2.964,0.7432179990298989
2JIE,A,N,223,A,0.6709999999999999,0.095649709218592
2JIE,A,N,223,G,-3.462,1.5257568995712356
2JIE,A,N,223,H,-2.583,-0.0431885850105867
2JIE,A,N,223,R,-3.976,0.0212850520610052
2JIE,A,N,223,Y,-5.73,-0.4994578614088574
2JIE,A,N,296,A,2.25,0.2818543731732198
2JIE,A,N,296,C,0.017,1.0784965035151406
2JIE,A,N,407,A,-0.464,1.0137658901175186
2JIE,A,N,407,C,-0.143,1.412747160454361
2JIE,A,Q,22,S,0.209,2.959962108316712
2JIE,A,R,243,A,0.166,1.3656933476854085
2JIE,A,R,243,D,-0.213,2.9534358034139023
2JIE,A,R,243,K,1.463,1.5996446551733108
2JIE,A,S,17,A,1.246,-1.050494667978971
2JIE,A,S,19,A,-0.951,0.0437836144873859
2JIE,A,S,334,A,1.454,-0.3938420545597315
2JIE,A,S,403,A,-0.92,-1.045469903168863
2JIE,A,T,18,A,0.994,0.1420275160118383
2JIE,A,T,221,A,-3.189,0.2434536106003326
2JIE,A,T,355,A,2.9610000000000003,0.6008593357154792
2JIE,A,W,123,F,-2.19,0.853604314346102
2JIE,A,W,123,H,-1.06,2.8217784962870267
2JIE,A,W,328,A,1.159,2.7691951368534475
2JIE,A,W,328,C,2.664,3.391883229839117
2JIE,A,W,328,H,2.573,2.164535769328885
2JIE,A,W,328,R,0.95,2.1972040297620907
2JIE,A,W,402,C,0.36,3.648088196115027
2JIE,A,W,402,R,-2.615,2.479260961741053
2JIE,A,W,412,Y,-0.599,1.5041552665288165
2JIE,A,Y,21,A,3.443,2.4865830648827023
2JIE,A,Y,297,A,-1.072,4.004276938466343
2JIE,A,Y,297,F,1.853,-0.7021728310922604
2JUC,A,C,57,D,2.54,1.3287027559897775
2JUC,A,C,57,S,0.71,0.3352432512846842
2JUC,A,R,18,A,1.75,0.6064732759339658
2KJ3,A,D,288,A,-1.2,0.4844374350079633
2KJ3,A,E,272,A,-1.9,0.7580580856803828
2KJ3,A,G,278,A,0.8,1.8145227229012857
2KJ3,A,K,229,A,-1.5,0.2817860161863822
2KJ3,A,L,241,A,-1.0,1.8721641904298327
2KJ3,A,S,273,A,-1.4,-0.5348905513032437
2KJ3,A,V,239,A,-1.0,2.1761615514582995
2KJ3,A,V,264,A,-1.0,1.3451586874474502
2KJ3,A,V,267,A,-0.2,1.3173171589462709
2KS4,A,D,9,A,-1.26,0.7356491372241366
2KS4,A,E,2,A,0.23,0.5457741689797082
2LTB,A,L,558,P,1.57,6.2641110526030985
2LTB,A,L,569,R,3.11,3.2448403914660044
2LTB,A,M,619,K,3.34,0.0483461718579142
2LTB,A,R,533,Q,1.1,0.898490184532186
2LTB,A,R,555,Q,0.36,1.247462135684348
2LTB,A,R,555,W,-1.79,0.048632804245085
2M5S,A,D,302,A,4.0,0.577331215922493
2M5S,A,H,305,A,2.0,0.5915591951834059
2MPC,A,A,89,T,0.24,0.6403994629098078
2MPC,A,R,42,A,-0.62,0.3146341695447852
2MPC,A,R,42,W,-2.08,-0.6216869274986725
2N7Z,A,P,88,A,0.6,0.0826491041894261
2NTE,A,I,738,V,2.0,0.9587702497321872
2NTE,A,R,658,C,2.3,1.6132427349503546
2OUO,A,A,420,D,-0.44,0.5348336957784899
2PR5,A,A,33,Y,-0.5,-0.5542507333321928
2PR5,A,A,81,M,0.4,0.7716573205984752
2PR5,A,D,109,E,-0.3,0.4266239504399499
2PR5,A,H,22,K,-0.3,-0.201501637707035
2PR5,A,H,22,W,-1.2,-0.4199529056662138
2PR5,A,M,111,F,-2.9,0.2255355426388428
2PR5,A,N,107,F,-0.9,-0.6151979928432655
2PR5,A,N,107,Y,-0.8,-0.4768989724713024
2PR5,A,N,124,F,-1.1,-0.2955711180524989
2PR5,A,N,124,Y,-2.6,-0.1140042714678402
2PR5,A,T,30,M,-0.5,0.2508996577876171
2PR5,A,T,50,M,0.5,0.6467235148903968
2PR5,A,T,54,Y,-0.2,0.4249297930843365
2PR5,A,V,120,I,-1.4,0.2089100782319808
2PR5,A,V,25,I,-0.4,0.1464726700053525
2PR5,A,V,88,L,0.2,0.2764398419704428
2PR5,A,V,90,I,0.7,0.4178052265500354
2PTL,A,A,22,G,2.43,1.7480761095927655
2PTL,A,A,27,P,-0.1,1.746914186089144
2PTL,A,A,27,V,0.83,0.1930834349173954
2PTL,A,A,34,G,2.17,1.7139829631329613
2PTL,A,A,34,V,-1.47,0.1651535226862083
2PTL,A,A,43,G,2.54,1.3724157031091284
2PTL,A,A,47,G,3.1,1.781188924568167
2PTL,A,A,49,G,1.32,0.5023938055420146
2PTL,A,A,51,G,3.12,1.820905551938538
2PTL,A,A,66,G,0.49,0.4754312342049943
2PTL,A,D,52,A,1.21,0.1279612732506074
2PTL,A,D,52,G,2.14,0.8607022348033577
2PTL,A,D,64,A,0.2,1.0556611053125535
2PTL,A,E,35,A,0.59,0.2997021905460517
2PTL,A,E,46,G,1.19,1.032290676426404
2PTL,A,E,46,I,1.08,-0.141184087845303
2PTL,A,E,60,A,0.23,0.5321212491343413
2PTL,A,F,26,A,3.12,2.965726196399084
2PTL,A,F,26,L,0.68,1.4410752140834175
2PTL,A,F,36,A,4.15,2.8259935977181088
2PTL,A,F,36,L,3.12,1.2144800387122143
2PTL,A,F,40,G,3.08,2.594450199069017
2PTL,A,F,40,L,0.38,0.3045010917130325
2PTL,A,F,76,L,3.34,2.122995913175762
2PTL,A,F,76,V,3.73,2.937577580996712
2PTL,A,G,29,A,1.52,2.0984533590371237
2PTL,A,G,29,V,2.53,2.853977486035034
2PTL,A,G,38,A,2.08,1.6372912503910066
2PTL,A,G,59,A,2.23,1.2277118677062029
2PTL,A,G,69,A,2.04,1.5374334541703574
2PTL,A,I,20,A,4.9,1.949855736754392
2PTL,A,I,20,V,0.56,1.282073639416384
2PTL,A,I,25,A,1.37,1.4939329698081276
2PTL,A,I,25,V,0.47,0.2375744625431802
2PTL,A,I,74,A,4.72,3.3119875535440726
2PTL,A,I,74,V,1.69,1.759508807524811
2PTL,A,K,21,A,0.92,0.2434219565995726
2PTL,A,K,37,A,0.88,0.0863779611780835
2PTL,A,K,42,G,-0.16,0.6299937459317301
2PTL,A,K,55,A,-0.58,0.36684801077353
2PTL,A,K,56,A,-0.35,0.4217874951253175
2PTL,A,K,68,A,0.09,1.0268251366119936
2PTL,A,K,75,A,0.45,0.7610436580752769
2PTL,A,L,24,A,3.12,2.763663692961797
2PTL,A,L,54,A,2.44,1.2024283721766822
2PTL,A,L,72,A,3.77,2.954054850625593
2PTL,A,N,23,A,1.87,0.1063097109645067
2PTL,A,N,28,A,1.78,0.3628434303518907
2PTL,A,N,58,A,0.34,0.2809913476063191
2PTL,A,N,73,A,1.73,0.4596314029784343
2PTL,A,S,30,A,0.3,-0.1167008221433357
2PTL,A,S,45,A,-0.41,0.0805092824217151
2PTL,A,S,45,G,0.82,0.4873333446302841
2PTL,A,T,19,A,1.63,0.3012607371993919
2PTL,A,T,31,A,1.17,0.3622238644440034
2PTL,A,T,33,A,1.11,0.5144336167028313
2PTL,A,T,39,A,1.25,0.2688565932094522
2PTL,A,T,44,A,1.09,0.3315133449911028
2PTL,A,T,53,G,0.17,0.8818307058775251
2PTL,A,T,62,A,0.97,0.3171468291366819
2PTL,A,T,71,A,1.83,0.1032463110552084
2PTL,A,V,18,A,1.22,0.728427160195684
2PTL,A,V,63,A,0.92,2.192877366427726
2PTL,A,V,65,A,1.14,0.7125668650509243
2PTL,A,Y,48,A,2.82,1.8781118235598808
2PTL,A,Y,50,A,2.46,2.3073089120605705
2PTL,A,Y,70,A,1.66,1.8739187231531869
2PTL,A,Y,70,L,-0.43,0.9359411156653664
2RPN,A,E,7,L,-1.05,-0.7184984308058406
2RPN,A,V,21,K,-0.39,0.1546237104482917
2VY0,A,D,287,A,5.975,-0.1299229762217846
2VY0,A,E,53,A,6.597,0.8145307302842738
2WQG,A,D,15,A,-0.3,-0.2011914346109394
2WQG,A,D,38,A,-0.1,-0.488541149973733
2WQG,A,D,39,A,2.2,0.169895249625715
2WQG,A,D,39,N,2.6,0.1903062139351846
2WQG,A,E,40,Q,0.1,0.0890710259853894
2WQG,A,E,41,G,0.4,0.7363276400971308
2WQG,A,I,36,A,0.9,1.1835052851703856
2WQG,A,I,36,V,0.3,0.6467187170934025
2WQG,A,K,14,A,0.4,0.0099604472414394
2WQG,A,K,14,G,1.9,1.0921429522281765
2WQG,A,K,19,A,0.3,0.3641313298592219
2WQG,A,K,28,A,0.6,0.5430562276866587
2WQG,A,L,13,A,0.5,3.6803262703905295
2WQG,A,L,16,A,1.3,1.1315642703820965
2WQG,A,L,8,A,2.0,1.622793080108168
2WQG,A,Q,12,A,0.6,-0.3097886328486476
2WQG,A,Q,12,G,2.0,0.4069506347517848
2WQG,A,Q,33,A,-0.1,-0.0593330590125068
2WQG,A,R,34,A,0.8,0.839557543158689
2WQG,A,S,23,A,0.6,0.4538760040578993
2WQG,A,S,6,A,-0.1,-0.0756401853164606
2WQG,A,S,6,G,0.2,0.6204606574876261
2WQG,A,T,9,S,-0.1,0.1570705907727404
2WQG,A,V,10,A,0.1,0.7294499548186519
2WQG,A,V,10,G,0.7,1.5925420497464833
2WQG,A,V,11,A,-0.4,0.0041043420753172
2WQG,A,V,11,G,-0.1,0.6437691524791117
2WQG,A,V,24,A,0.5,1.299916539759878
2WQG,A,Y,5,F,2.4,-0.1346483240820506
2ZTA,A,E,11,Q,0.74,0.3039133776893876
2ZTA,A,E,20,Q,-0.2,0.1236530737841323
2ZTA,A,E,22,Q,1.83,0.3313595688834703
2ZTA,A,K,15,A,0.41,0.3041356470154083
2ZTA,A,K,27,A,0.91,0.0731930297631872
2ZTA,A,K,28,A,0.06,0.200363745584996
2ZTA,A,K,8,A,0.39,0.2882300226886874
2ZTA,A,R,25,A,1.66,0.4840201314765668
3BCI,A,E,96,Q,-1.369,0.080112989756978
3BCI,A,T,153,V,1.137,-0.1734256064814954
3BN0,A,I,20,V,1.506,1.4273343642606529
3C2I,A,D,156,E,-0.88,1.7913613037571068
3C2I,A,F,155,S,-0.43,5.894569763762376
3C2I,A,L,100,V,-1.11,2.1399377699000306
3C2I,A,P,152,R,-1.46,0.4928571672585002
3C2I,A,R,106,Q,-0.12,2.8208943254994177
3C2I,A,R,106,W,-0.04,2.045909268203428
3C2I,A,R,111,G,0.43,1.825025311258987
3C2I,A,R,133,C,-0.37,1.5328806512987818
3C2I,A,R,133,H,-0.24,0.521976252937637
3C2I,A,S,134,C,-1.05,0.6595682476737852
3C2I,A,T,158,A,-0.47,0.1402043551339005
3C2I,A,T,158,M,-0.25,0.0023923521124974
3D2A,A,M,134,E,-3.02,0.5731762707169841
3D2A,A,M,137,P,-3.34,0.6461137932457456
3D2A,A,S,163,P,-2.11,0.3099505329287266
3D3B,A,D,118,A,0.65,0.7809610707014955
3D3B,A,D,118,E,0.6,0.3142537480345686
3D3B,A,D,118,K,1.6,0.1630083845411895
3D3B,A,D,118,N,1.34,-0.324882529144937
3D3B,A,D,118,R,1.41,0.1866583343043171
3DV0,I,A,131,G,1.7,1.6035917430177522
3DV0,I,A,139,G,2.3,2.063395944756212
3DV0,I,A,165,G,0.9,0.773638399246096
3DV0,I,A,168,G,0.3,0.6369017088944456
3DV0,I,D,145,A,2.1,1.5387164531660042
3DV0,I,D,145,N,0.9,0.8745757459551617
3DV0,I,D,162,N,2.0,1.0932003534777306
3DV0,I,D,164,A,2.3,0.2840310389871098
3DV0,I,D,164,G,3.7,1.3799396384234612
3DV0,I,D,164,N,1.9,0.2544300129045368
3DV0,I,E,141,A,0.7,0.1490484724450902
3DV0,I,E,141,Q,0.4,0.2877023806033019
3DV0,I,I,130,A,0.7,0.6218160455695573
3DV0,I,I,130,G,1.4,1.3602578904741924
3DV0,I,I,130,V,0.2,0.186389079658506
3DV0,I,I,146,A,2.7,3.027263434711473
3DV0,I,I,146,V,1.2,0.6519636199817244
3DV0,I,I,163,V,0.5,1.109080646941439
3DV0,I,L,159,A,2.0,1.53536897921473
3DV0,I,L,159,G,1.9,2.200050512065693
3DV0,I,L,159,V,0.6,0.7280421561642277
3DV0,I,L,167,A,1.2,2.358123811058235
3DV0,I,L,167,V,0.2,1.4198870204915226
3DV0,I,V,129,A,0.7,1.1142304791816526
3DV0,I,V,129,G,1.0,1.995046788003093
3DV0,I,V,135,A,1.5,0.7382286312307975
3DV0,I,V,144,A,2.0,1.8583490355614436
3DV0,I,V,149,A,2.8,3.1744178754250845
3DV0,I,V,149,G,4.1,5.053203222940399
3DV0,I,V,158,A,3.2,2.83932002734519
3DV0,I,Y,138,F,2.0,-0.0194651402541901
3ECU,A,H,46,R,-0.8,1.167231118152788
3FIS,A,P,61,A,0.5,-0.3671775302962238
3G1G,A,D,155,Y,-0.34,0.1767431473361097
3G1G,A,F,167,Y,0.74,1.0279774267877602
3G1G,A,I,190,V,0.17,0.6650765610541731
3G1G,A,R,185,W,-1.32,0.6853832430463316
3K82,A,E,334,L,3.35,-1.326025142785513
3K82,A,E,334,Q,1.68,0.2607813964865785
3K82,A,E,401,R,-5.49,0.335400038763804
3L15,B,Y,442,H,3.23,1.382452426646973
3MON,B,R,39,G,-1.194,1.645846569178187
3MON,B,W,3,C,2.866,1.518691341965435
3O39,A,F,115,I,1.81,1.9231523669023416
3O39,A,F,115,L,1.64,1.0768700854588416
3O39,A,H,96,L,0.58,-0.1886220949123074
3O39,A,L,32,P,3.25,5.187796475676327
3O39,A,Q,100,L,2.0,-1.1446559570734216
3O39,A,Q,49,L,0.05,-0.7824475714693618
3S4M,A,D,122,Y,1.3,0.6004946963901997
3S4M,A,G,130,V,2.5,1.5418455117676624
3S4M,A,I,154,F,-0.096,2.8359953540040697
3S4M,A,W,155,R,0.693,3.585335304049141
3S92,A,H,395,R,-2.03,-0.2366605210743494
4BJX,A,A,89,V,-0.99,-0.4761897936113968
4BUQ,A,Y,137,A,-0.89,1.6594406908798789
4BUQ,A,Y,48,A,1.435,1.5369707244832882
4HE7,A,A,19,D,0.24,-0.1947121325746764
4HE7,A,A,19,G,-0.06,0.9978198797554017
4HE7,A,A,19,K,0.46,-0.0126790094064793
4N6V,0,H,75,W,-0.574,-0.213488810532717
4N6V,0,P,36,G,1.362,0.2307364044639159
4N6V,0,P,79,S,-1.745,0.1587622588248916
4WAA,A,K,65,A,-0.1,0.1944088256663045
4WAA,A,K,67,A,2.07,0.6907149415013666
4WAA,A,R,27,A,0.44,1.4375969537924538
4YEE,A,V,134,T,0.71,0.9437612780353912
4YEF,A,T,134,V,0.93,-0.6061686362431262
5JXB,A,D,329,G,1.44,0.5109622509185654
5JXB,A,D,329,P,1.44,1.213091064251392
5OAQ,A,Y,429,H,2.99,1.7333471997741174
5VP3,A,R,39,K,-0.413,0.8473298999914763
5VP3,A,S,128,G,0.378,0.8631637863588084
5VP3,A,V,183,T,-0.354,1.1822890998208246
