,A,C,D,E,F,G,H,I,K,L,M,N,P,Q,R,S,T,V,W,Y
A,0.0,-2.022,-0.8,-0.909,-2.023,1.535,-1.287,-1.935,-1.546,-1.729,1.166,-0.92,-1.011,-1.747,-1.583,0.174,-0.99,-1.29,-2.791,-2.137
C,2.013,0.0,1.222,1.117,-0.006,3.56,0.726,0.084,0.473,0.289,3.181,1.096,1.013,0.271,0.436,2.188,1.029,0.732,-0.758,-0.116
D,0.819,-1.218,0.0,-0.113,-1.209,2.336,-0.467,-1.12,-0.732,-0.915,1.984,-0.108,-0.212,-0.938,-0.773,0.992,-0.179,-0.48,-1.997,-1.327
E,0.931,-1.104,0.113,0.0,-1.096,2.449,-0.354,-1.009,-0.62,-0.804,2.096,0.004,-0.1,-0.826,-0.661,1.105,-0.067,-0.37,-1.885,-1.214
F,2.018,0.007,1.226,1.121,0.0,3.568,0.731,0.09,0.477,0.298,3.193,1.101,1.021,0.278,0.443,2.194,1.036,0.74,-0.751,-0.109
G,-1.521,-3.546,-2.334,-2.444,-3.543,0.0,-2.803,-3.454,-3.062,-3.25,-0.352,-2.445,-2.546,-3.272,-3.107,-1.346,-2.516,-2.814,-4.327,-3.66
H,1.287,-0.734,0.484,0.375,-0.735,2.823,0.0,-0.644,-0.258,-0.439,2.457,0.365,0.273,-0.461,-0.296,1.461,0.296,0.0,-1.505,-0.849
I,1.929,-0.084,1.136,1.031,-0.09,3.476,0.64,0.0,0.386,0.209,3.106,1.007,0.928,0.186,0.35,2.105,0.946,0.649,-0.844,-0.201
K,1.552,-0.484,0.734,0.623,-0.477,3.07,0.262,-0.39,0.0,-0.183,2.712,0.624,0.525,-0.205,-0.041,1.724,0.554,0.252,-1.261,-0.594
L,1.724,-0.288,0.934,0.828,-0.297,3.272,0.435,-0.208,0.18,0.0,2.895,0.805,0.726,-0.018,0.146,1.898,0.74,0.443,-1.048,-0.406
M,-1.174,-3.186,-1.966,-2.07,-3.193,0.372,-2.461,-3.101,-2.715,-2.894,0.0,-2.091,-2.174,-2.915,-2.751,-0.999,-2.158,-2.452,-3.946,-3.303
N,0.924,-1.108,0.112,0.0,-1.103,2.445,-0.364,-1.015,-0.626,-0.81,2.084,0.0,-0.101,-0.831,-0.666,1.097,-0.072,-0.374,-1.884,-1.219
P,1.018,-1.015,0.207,0.101,-1.009,2.536,-0.276,-0.925,-0.528,-0.716,2.18,0.088,0.0,-0.734,-0.574,1.19,0.02,-0.28,-1.792,-1.125
Q,1.754,-0.279,0.943,0.832,-0.274,3.278,0.465,-0.186,0.203,0.02,2.919,0.828,0.73,0.0,0.163,1.926,0.757,0.456,-1.054,-0.39
R,1.588,-0.441,0.777,0.667,-0.438,3.115,0.301,-0.349,0.039,-0.142,2.757,0.662,0.569,-0.165,0.0,1.762,0.594,0.295,-1.215,-0.553
S,-0.174,-2.204,-0.984,-1.095,-2.199,1.352,-1.461,-2.112,-1.723,-1.905,0.994,-1.098,-1.196,-1.927,-1.761,0.0,-1.167,-1.468,-2.977,-2.315
T,0.994,-1.035,0.182,0.073,-1.031,2.521,-0.294,-0.944,-0.555,-0.737,2.163,0.067,-0.026,-0.759,-0.595,1.169,0.0,-0.3,-1.808,-1.147
V,1.281,-0.732,0.485,0.379,-0.737,2.827,-0.005,-0.648,-0.262,-0.439,2.459,0.36,0.278,-0.462,-0.298,1.458,0.298,0.0,-1.496,-0.849
W,2.772,0.761,1.979,1.874,0.753,4.322,1.487,0.843,1.232,1.052,3.95,1.852,1.772,1.031,1.197,2.946,1.788,1.494,0.0,0.644
Y,2.132,0.118,1.334,1.228,0.111,3.674,0.845,0.204,0.59,0.41,3.306,1.214,1.128,0.388,0.554,2.307,1.148,0.852,-0.648,0.0
