,A,R,N,D,C,Q,E,G,H,I,L,K,M,F,P,S,T,W,Y,V
A,0.0,-1.583,-0.92,-0.8,-2.022,-1.747,-0.909,1.535,-1.287,-1.935,-1.729,-1.546,-3.0132809,-2.023,-1.011,0.174,-0.99,-2.791,-2.137,-1.29
R,1.588,0.0,0.662,0.777,-0.441,-0.165,0.667,3.115,0.301,-0.349,-0.142,0.039,-1.4222808,-0.438,0.569,1.762,0.594,-1.215,-0.553,0.295
N,0.924,-0.666,0.0,0.112,-1.108,-0.831,0.0,2.445,-0.364,-1.015,-0.81,-0.626,-2.0952806,-1.103,-0.101,1.097,-0.072,-1.884,-1.219,-0.374
D,0.819,-0.773,-0.108,0.0,-1.218,-0.938,-0.113,2.336,-0.467,-1.12,-0.915,-0.732,-2.1952808,-1.209,-0.212,0.992,-0.179,-1.997,-1.327,-0.48
C,2.013,0.436,1.096,1.222,0.0,0.271,1.117,3.56,0.726,0.084,0.289,0.473,-0.99828076,-0.006,1.013,2.188,1.029,-0.758,-0.116,0.732
Q,1.754,0.163,0.828,0.943,-0.279,0.0,0.832,3.278,0.465,-0.186,0.02,0.203,-1.2602808,-0.274,0.73,1.926,0.757,-1.054,-0.39,0.456
E,0.931,-0.661,0.004,0.113,-1.104,-0.826,0.0,2.449,-0.354,-1.009,-0.804,-0.62,-2.0832808,-1.096,-0.1,1.105,-0.067,-1.885,-1.214,-0.37
G,-1.521,-3.107,-2.445,-2.334,-3.546,-3.272,-2.444,0.0,-2.803,-3.454,-3.25,-3.062,-4.5312805,-3.543,-2.546,-1.346,-2.516,-4.327,-3.66,-2.814
H,1.287,-0.296,0.365,0.484,-0.734,-0.461,0.375,2.823,0.0,-0.644,-0.439,-0.258,-1.7222807,-0.735,0.273,1.461,0.296,-1.505,-0.849,0.0
I,1.929,0.35,1.007,1.136,-0.084,0.186,1.031,3.476,0.64,0.0,0.209,0.386,-1.0732808,-0.09,0.928,2.105,0.946,-0.844,-0.201,0.649
L,1.724,0.146,0.805,0.934,-0.288,-0.018,0.828,3.272,0.435,-0.208,0.0,0.18,-1.2842808,-0.297,0.726,1.898,0.74,-1.048,-0.406,0.443
K,1.552,-0.041,0.624,0.734,-0.484,-0.205,0.623,3.07,0.262,-0.39,-0.183,0.0,-1.4672809,-0.477,0.525,1.724,0.554,-1.261,-0.594,0.252
M,3.0052807,1.4282808,2.0882807,2.2132807,0.99328065,1.2642808,2.1092808,4.551281,1.7182808,1.0782807,1.2852807,1.4642808,0.0,0.9862807,2.0052807,3.1802807,2.0212808,0.23328066,0.8762808,1.7272809
F,2.018,0.443,1.101,1.226,0.007,0.278,1.121,3.568,0.731,0.09,0.298,0.477,-0.9862807,0.0,1.021,2.194,1.036,-0.751,-0.109,0.74
P,1.018,-0.574,0.088,0.207,-1.015,-0.734,0.101,2.536,-0.276,-0.925,-0.716,-0.528,-1.9992807,-1.009,0.0,1.19,0.02,-1.792,-1.125,-0.28
S,-0.174,-1.761,-1.098,-0.984,-2.204,-1.927,-1.095,1.352,-1.461,-2.112,-1.905,-1.723,-3.1852808,-2.199,-1.196,0.0,-1.167,-2.977,-2.315,-1.468
T,0.994,-0.595,0.067,0.182,-1.035,-0.759,0.073,2.521,-0.294,-0.944,-0.737,-0.555,-2.0162807,-1.031,-0.026,1.169,0.0,-1.808,-1.147,-0.3
W,2.772,1.197,1.852,1.979,0.761,1.031,1.874,4.322,1.487,0.843,1.052,1.232,-0.22928071,0.753,1.772,2.946,1.788,0.0,0.644,1.494
Y,2.132,0.554,1.214,1.334,0.118,0.388,1.228,3.674,0.845,0.204,0.41,0.59,-0.87328076,0.111,1.128,2.307,1.148,-0.648,0.0,0.852
V,1.281,-0.298,0.36,0.485,-0.732,-0.462,0.379,2.827,-0.005,-0.648,-0.439,-0.262,-1.7202806,-0.737,0.278,1.458,0.298,-1.496,-0.849,0.0
